{"Train Loss": 36.82182274335696, "Train RMSE": 5.974215030670166, "MAE (train data)": 4.523478031158447, "RMSE (train data)": 5.974215030670166, "MAPE (train data)": 3.441247344017029, "MSE (train data)": 35.691246032714844, "R2 (train data)": 0.9972614863724544, "Test Loss": 42.90262222290039, "MAE (test data)": 4.642449378967285, "RMSE (test data)": 6.550009250640869, "MAPE (test data)": 3.8190554827451706, "MSE (test data)": 42.90262222290039, "R2 (test data)": 0.9962612797001361, "_timestamp": 1710060081.822439, "_runtime": 9.340935945510864, "_step": 29, "Scatter Plot": {"_type": "image-file", "sha256": "bfcfed605ab88e0dbabefa5d270249177cfb67e3a58ce52e6c82e340d10011dd", "size": 40198, "path": "media/images/Scatter Plot_28_bfcfed605ab88e0dbabe.png", "format": "png", "width": 800, "height": 600}, "Distribution Plot": {"_type": "image-file", "sha256": "a639805a8e57125bdfecc719b517487b22d582c45e3d963a4cb28c43ff8269d1", "size": 31753, "path": "media/images/Distribution Plot_29_a639805a8e57125bdfec.png", "format": "png", "width": 800, "height": 600}, "_wandb": {"runtime": 7}}