{"Train Loss": 606.2637235201322, "Train RMSE": 22.957735061645508, "MAE (train data)": 17.793075561523438, "RMSE (train data)": 22.957733154296875, "MAPE (train data)": 14.043381810188293, "MSE (train data)": 527.0574951171875, "R2 (train data)": 0.9572578760715884, "Test Loss": 540.3095092773438, "MAE (test data)": 18.311885833740234, "RMSE (test data)": 23.244558334350586, "MAPE (test data)": 16.17593914270401, "MSE (test data)": 540.3095092773438, "R2 (test data)": 0.9536883559560868, "_timestamp": 1710060286.039943, "_runtime": 8.521254062652588, "_step": 29, "Scatter Plot": {"_type": "image-file", "sha256": "acf3646ef22401a94543ee335fdc8bc31bd565b75bdb260a3c2e20331927384a", "size": 38691, "path": "media/images/Scatter Plot_28_acf3646ef22401a94543.png", "format": "png", "width": 800, "height": 600}, "Distribution Plot": {"_type": "image-file", "sha256": "ed552997cc22967cfc46c441639828276fc275ed5bd379fef451ed79d6544801", "size": 35150, "path": "media/images/Distribution Plot_29_ed552997cc22967cfc46.png", "format": "png", "width": 800, "height": 600}, "_wandb": {"runtime": 7}}