{"Train Loss": 11.77806147028891, "Train RMSE": 3.535853624343872, "MAE (train data)": 2.870927572250366, "RMSE (train data)": 3.535853624343872, "MAPE (train data)": 1.9666777923703194, "MSE (train data)": 12.502260208129883, "R2 (train data)": 0.9989616325728582, "Test Loss": 12.394502639770508, "MAE (test data)": 2.8724870681762695, "RMSE (test data)": 3.520582437515259, "MAPE (test data)": 1.9341707229614258, "MSE (test data)": 12.394500732421875, "R2 (test data)": 0.9989478609352163, "_timestamp": 1710058823.890034, "_runtime": 9.235311031341553, "_step": 29, "Scatter Plot": {"_type": "image-file", "sha256": "88b85bbc6de59983140a5e9f075999f4a671cb12926da9ea19d0214179ed4a0d", "size": 37154, "path": "media/images/Scatter Plot_28_88b85bbc6de59983140a.png", "format": "png", "width": 800, "height": 600}, "Distribution Plot": {"_type": "image-file", "sha256": "cb8ca77edf2daf405c64af068e0479b2f3ddd7a6799e40801af24ff81ca95dc0", "size": 32336, "path": "media/images/Distribution Plot_29_cb8ca77edf2daf405c64.png", "format": "png", "width": 800, "height": 600}, "_wandb": {"runtime": 7}}