{"Train Loss": 52.97625841413225, "Train RMSE": 6.68278169631958, "MAE (train data)": 5.178343772888184, "RMSE (train data)": 6.68278169631958, "MAPE (train data)": 4.1505977511405945, "MSE (train data)": 44.659568786621094, "R2 (train data)": 0.9964557397850798, "Test Loss": 50.28834533691406, "MAE (test data)": 5.478460311889648, "RMSE (test data)": 7.091427326202393, "MAPE (test data)": 3.9427749812602997, "MSE (test data)": 50.2883415222168, "R2 (test data)": 0.9953795226631788, "_timestamp": 1710062829.873941, "_runtime": 8.948884963989258, "_step": 29, "Scatter Plot": {"_type": "image-file", "sha256": "6a0f8e08f6fbb9346bf559b95f929677cda6ab10e9fb2e5d5ad55bdb5536650a", "size": 37143, "path": "media/images/Scatter Plot_28_6a0f8e08f6fbb9346bf5.png", "format": "png", "width": 800, "height": 600}, "Distribution Plot": {"_type": "image-file", "sha256": "7d15527b015ce7ab499d5ef2ccc65e33692b526642d4b0b494c31ef1701984d6", "size": 32390, "path": "media/images/Distribution Plot_29_7d15527b015ce7ab499d.png", "format": "png", "width": 800, "height": 600}, "_wandb": {"runtime": 7}}