{"Training Loss": 2727.1895035963794, "_timestamp": 1727825160.66286, "_runtime": 110.46017098426819, "_step": 175, "RMSE (test data)": 50.390334927464316, "MAE (test data)": 37.55243243695645, "MAPE (test data)": 41.23577724286531, "MSE (test data)": 2539.18585410203, "R2 (test data)": 0.8734613556607743, "Test Loss": 2526.7649159514763, "_wandb": {"runtime": 110}}