{"Train Loss": 9.712982959961623, "Train RMSE": 2.629847764968872, "MAE (train data)": 1.9804335832595825, "RMSE (train data)": 2.629847764968872, "MAPE (train data)": 1.6256272792816162, "MSE (train data)": 6.9160990715026855, "R2 (train data)": 0.9994255876700936, "Test Loss": 6.724145412445068, "MAE (test data)": 1.9034301042556763, "RMSE (test data)": 2.5930957794189453, "MAPE (test data)": 1.5389511361718178, "MSE (test data)": 6.724145412445068, "R2 (test data)": 0.9994292036524435, "_timestamp": 1710062891.419669, "_runtime": 9.426245927810669, "_step": 29, "Scatter Plot": {"_type": "image-file", "sha256": "804fe5cf16f3ca7e9fa5f570830871d483e905c3d19511b1229c41a02cef2180", "size": 37145, "path": "media/images/Scatter Plot_28_804fe5cf16f3ca7e9fa5.png", "format": "png", "width": 800, "height": 600}, "Distribution Plot": {"_type": "image-file", "sha256": "f5a45aa43c235b3e67675243842890939bb918a1948e697e75ee727435e66803", "size": 34174, "path": "media/images/Distribution Plot_29_f5a45aa43c235b3e6767.png", "format": "png", "width": 800, "height": 600}, "_wandb": {"runtime": 8}}