{"Communication Time": 1.6551191806793213, "_timestamp": 1707748324.173815, "_runtime": 110.29041409492493, "_step": 52, "RMSE (test data)": 128.7533721923828, "MAE (test data)": 107.16785430908203, "MAPE (test data)": 83.88944864273071, "MSE (test data)": 16577.4296875, "R2 (test data)": -0.03111363888302754, "loss(test data)": 16577.43137507697, "Scatter Plot": {"_type": "image-file", "sha256": "d18a49767c160bb6f468b0ce544a52610b7181177a71fe60e6575c31d0415dd0", "size": 39533, "path": "media/images/Scatter Plot_50_d18a49767c160bb6f468.png", "format": "png", "width": 800, "height": 600}, "Distribution Plot": {"_type": "image-file", "sha256": "dd6f750a85b776e84682bd78ad6e6aa7636ce412eb2eaf224a37ce09a661729b", "size": 31742, "path": "media/images/Distribution Plot_51_dd6f750a85b776e84682.png", "format": "png", "width": 800, "height": 600}}