{"Communication Time": 4.015797138214111, "_timestamp": 1710057218.097806, "_runtime": 424.44947695732117, "_step": 199, "RMSE (test data)": 0.45683494210243225, "MAE (test data)": 0.3447667956352234, "MAPE (test data)": 94.91564631462097, "MSE (test data)": 0.20869815349578857, "R2 (test data)": 0.9999831711752742, "loss(test data)": 0.2086981558826381, "_wandb": {"runtime": 424}}