{"Train Loss": 10.052250714841604, "Train RMSE": 3.039365768432617, "MAE (train data)": 2.702390432357788, "RMSE (train data)": 3.039365768432617, "MAPE (train data)": 1.6479454934597015, "MSE (train data)": 9.237744331359863, "R2 (train data)": 0.9992467264660235, "Test Loss": 9.491999626159668, "MAE (test data)": 2.706209897994995, "RMSE (test data)": 3.080909013748169, "MAPE (test data)": 1.750478707253933, "MSE (test data)": 9.491999626159668, "R2 (test data)": 0.9992214964468163, "_timestamp": 1710060194.172534, "_runtime": 11.383400917053223, "_step": 29, "Scatter Plot": {"_type": "image-file", "sha256": "735240a341f358f110a57a0a31fd573065b9b3110f964df1c4c84138cf0acd61", "size": 39316, "path": "media/images/Scatter Plot_28_735240a341f358f110a5.png", "format": "png", "width": 800, "height": 600}, "Distribution Plot": {"_type": "image-file", "sha256": "f4eb466adc949e383e14925ef2c58defcfaaff9d162079b8e9ed611eb5a29b4d", "size": 34079, "path": "media/images/Distribution Plot_29_f4eb466adc949e383e14.png", "format": "png", "width": 800, "height": 600}, "_wandb": {"runtime": 10}}