{"Train Loss": 35.465761827868086, "Train RMSE": 5.319496154785156, "MAE (train data)": 3.8601551055908203, "RMSE (train data)": 5.319496154785156, "MAPE (train data)": 2.9398437589406967, "MSE (train data)": 28.297040939331055, "R2 (train data)": 0.9977274672255249, "Test Loss": 33.836143493652344, "MAE (test data)": 4.039198875427246, "RMSE (test data)": 5.816884517669678, "MAPE (test data)": 3.3200401812791824, "MSE (test data)": 33.83614730834961, "R2 (test data)": 0.9972897801410517, "_timestamp": 1710060300.642247, "_runtime": 8.791385889053345, "_step": 29, "Scatter Plot": {"_type": "image-file", "sha256": "5905d5f8890eddae660ca3b17ea5cc22f492c22de775be0481a1cdc624c727ab", "size": 39749, "path": "media/images/Scatter Plot_28_5905d5f8890eddae660c.png", "format": "png", "width": 800, "height": 600}, "Distribution Plot": {"_type": "image-file", "sha256": "f32788f57a078c649f5c712e286f527e924ad2e3d9a84692465c8762ad25f957", "size": 31586, "path": "media/images/Distribution Plot_29_f32788f57a078c649f5c.png", "format": "png", "width": 800, "height": 600}, "_wandb": {"runtime": 8}}