{"Communication Time": 0.8732709884643555, "_timestamp": 1710057217.8708339, "_runtime": 424.1602158546448, "_step": 199, "RMSE (test data)": 0.5828955173492432, "MAE (test data)": 0.4755130112171173, "MAPE (test data)": 95.6863284111023, "MSE (test data)": 0.3397671580314636, "R2 (test data)": 0.9999703912156499, "loss(test data)": 0.33976717520340594, "_wandb": {"runtime": 424}}