{"Train Loss": 14.918549846661719, "Train RMSE": 3.0309784412384033, "MAE (train data)": 2.190359354019165, "RMSE (train data)": 3.030978202819824, "MAPE (train data)": 1.7134333029389381, "MSE (train data)": 9.186829566955566, "R2 (train data)": 0.9992631576911618, "Test Loss": 9.411833763122559, "MAE (test data)": 2.202810049057007, "RMSE (test data)": 3.067871332168579, "MAPE (test data)": 1.8000109121203423, "MSE (test data)": 9.411834716796875, "R2 (test data)": 0.9992359120181324, "_timestamp": 1710058810.546329, "_runtime": 10.154510974884033, "_step": 29, "Scatter Plot": {"_type": "image-file", "sha256": "6406d23ddbaf03df459716f94c95469986742c9f6c37d8410b99267ca673e7b1", "size": 38614, "path": "media/images/Scatter Plot_28_6406d23ddbaf03df4597.png", "format": "png", "width": 800, "height": 600}, "Distribution Plot": {"_type": "image-file", "sha256": "2450e1e3070509b426267051d2d4e41edba71b67c5a6754246eb57637b206333", "size": 33112, "path": "media/images/Distribution Plot_29_2450e1e3070509b42626.png", "format": "png", "width": 800, "height": 600}, "_wandb": {"runtime": 8}}