{"Train Loss": 42.65191245855287, "Train RMSE": 5.784445762634277, "MAE (train data)": 4.551966190338135, "RMSE (train data)": 5.784445762634277, "MAPE (train data)": 3.5569220781326294, "MSE (train data)": 33.45981216430664, "R2 (train data)": 0.9987681905466944, "Test Loss": 33.32992172241211, "MAE (test data)": 4.5749382972717285, "RMSE (test data)": 5.773207187652588, "MAPE (test data)": 3.729432076215744, "MSE (test data)": 33.32992172241211, "R2 (test data)": 0.998826205720936, "_timestamp": 1710062723.749568, "_runtime": 11.055367946624756, "_step": 29, "Scatter Plot": {"_type": "image-file", "sha256": "0409b7ee90eceb4e5846c903e629bc9b85bc703606743bbfdcfb0b47607d56e4", "size": 38549, "path": "media/images/Scatter Plot_28_0409b7ee90eceb4e5846.png", "format": "png", "width": 800, "height": 600}, "Distribution Plot": {"_type": "image-file", "sha256": "276f4cebd4af7337c6438ba88ca96c4bad3486f57915313f026d920d962004a1", "size": 31447, "path": "media/images/Distribution Plot_29_276f4cebd4af7337c643.png", "format": "png", "width": 800, "height": 600}, "_wandb": {"runtime": 9}}