{"Communication Time": 1.613659143447876, "_timestamp": 1709985594.016073, "_runtime": 86.85088109970093, "_step": 91, "RMSE (test data)": 2.3161098957061768, "MAE (test data)": 1.4428645372390747, "MAPE (test data)": 138.61703872680664, "MSE (test data)": 5.3643646240234375, "R2 (test data)": 0.9996490840933608, "loss(test data)": 5.364364614627632}