{"loss": 11.693866977573412, "rmse": 1.6941270652438045, "r_squared": 0.9993229968474779, "mse": 11.693866497809273, "mae": 1.9724480247416414, "_timestamp": 1709985594.017209, "_runtime": 92.27933311462402, "_step": 45}