{"loss": 19601.279869317103, "rmse": 11.551023089038145, "r_squared": -0.3852211989903799, "mse": 19601.279067008352, "mae": 109.38773192432494, "_timestamp": 1707770739.607303, "_runtime": 326.9499328136444, "_step": 20}