{"Train Loss": 69.04406289796572, "Train RMSE": 7.650741100311279, "MAE (train data)": 4.919577598571777, "RMSE (train data)": 7.6507415771484375, "MAPE (train data)": 4.193747043609619, "MSE (train data)": 58.53384780883789, "R2 (train data)": 0.9953357002026035, "Test Loss": 56.73069763183594, "MAE (test data)": 4.861849308013916, "RMSE (test data)": 7.531978607177734, "MAPE (test data)": 4.098498076200485, "MSE (test data)": 56.7307014465332, "R2 (test data)": 0.9955666251403785, "_timestamp": 1710060095.6595252, "_runtime": 8.895220041275024, "_step": 29, "Scatter Plot": {"_type": "image-file", "sha256": "eddf8437feeb13e2857962916f17c2cda1c9755aeab4d8f4469a865b8dc7a567", "size": 38709, "path": "media/images/Scatter Plot_28_eddf8437feeb13e28579.png", "format": "png", "width": 800, "height": 600}, "Distribution Plot": {"_type": "image-file", "sha256": "17916bb4394102c7e6358e1fce5ac6882706f01dd20e53b91a832a57191582bf", "size": 34553, "path": "media/images/Distribution Plot_29_17916bb4394102c7e635.png", "format": "png", "width": 800, "height": 600}, "_wandb": {"runtime": 7}}