{"loss": 4.740191917544711, "rmse": 1.399023508736902, "r_squared": 0.999606129652355, "mse": 4.740192039259549, "mae": 1.3173920095260507, "_timestamp": 1710058286.4540448, "_runtime": 108.61525583267212, "_step": 99, "_wandb": {"runtime": 108}}