{"Train Loss": 17.736989891806314, "Train RMSE": 4.862911224365234, "MAE (train data)": 4.354933261871338, "RMSE (train data)": 4.862911224365234, "MAPE (train data)": 3.1336434185504913, "MSE (train data)": 23.647903442382812, "R2 (train data)": 0.9980961025939611, "Test Loss": 24.931468963623047, "MAE (test data)": 4.478728771209717, "RMSE (test data)": 4.993142127990723, "MAPE (test data)": 3.3171404153108597, "MSE (test data)": 24.931468963623047, "R2 (test data)": 0.9979610634374071, "_timestamp": 1710058700.157883, "_runtime": 10.031360864639282, "_step": 29, "Scatter Plot": {"_type": "image-file", "sha256": "1fd3385b250f45685de4a0f283170d4cb947fa3194ba6c7a9c1699292f403fb6", "size": 38146, "path": "media/images/Scatter Plot_28_1fd3385b250f45685de4.png", "format": "png", "width": 800, "height": 600}, "Distribution Plot": {"_type": "image-file", "sha256": "f1f53a07a4a63573ba6468184f1a7eb4ea831724219e3cd3130869a9072cce0a", "size": 32920, "path": "media/images/Distribution Plot_29_f1f53a07a4a63573ba64.png", "format": "png", "width": 800, "height": 600}, "_wandb": {"runtime": 8}}