{"Train Loss": 16.79588825001436, "Train RMSE": 4.972490310668945, "MAE (train data)": 3.9384467601776123, "RMSE (train data)": 4.972490310668945, "MAPE (train data)": 4.365565627813339, "MSE (train data)": 24.725662231445312, "R2 (train data)": 0.9985433389234085, "Test Loss": 25.61307716369629, "MAE (test data)": 4.000412940979004, "RMSE (test data)": 5.060936450958252, "MAPE (test data)": 4.463604837656021, "MSE (test data)": 25.61307716369629, "R2 (test data)": 0.9985483491446687, "_timestamp": 1710062569.6126971, "_runtime": 10.010670185089111, "_step": 29, "Scatter Plot": {"_type": "image-file", "sha256": "51de5f6cb68dfde6c56f5735368f887d130dc057541b5a72e1b0538f3f4863b7", "size": 38108, "path": "media/images/Scatter Plot_28_51de5f6cb68dfde6c56f.png", "format": "png", "width": 800, "height": 600}, "Distribution Plot": {"_type": "image-file", "sha256": "ae285031840d612c7b922e1fef0e973030b1400519ea2d24249b7a183cf04c98", "size": 37196, "path": "media/images/Distribution Plot_29_ae285031840d612c7b92.png", "format": "png", "width": 800, "height": 600}, "_wandb": {"runtime": 8}}