{"Communication Time": 3.8784868717193604, "_timestamp": 1707748326.719857, "_runtime": 66.02866506576538, "_step": 55, "RMSE (test data)": 79.7802734375, "MAE (test data)": 68.62584686279297, "MAPE (test data)": 131.1220407485962, "MSE (test data)": 6364.8916015625, "R2 (test data)": 0.46693052269548896, "loss(test data)": 6364.892394868827, "Scatter Plot": {"_type": "image-file", "sha256": "da4c08187ba7688c243b2ed264ed0990fa6f51760aab6c7484dd40d299ae6e33", "size": 60800, "path": "media/images/Scatter Plot_54_da4c08187ba7688c243b.png", "format": "png", "width": 800, "height": 600}, "Distribution Plot": {"_type": "image-file", "sha256": "7cf460767f2714ba72c5ec2cd324207f425256bdce5020f7e43a4e3e91ab021d", "size": 36730, "path": "media/images/Distribution Plot_55_7cf460767f2714ba72c5.png", "format": "png", "width": 800, "height": 600}}