{"Train Loss": 63.22034443630939, "Train RMSE": 8.275284767150879, "MAE (train data)": 7.739465236663818, "RMSE (train data)": 8.275284767150879, "MAPE (train data)": 4.803096130490303, "MSE (train data)": 68.48033142089844, "R2 (train data)": 0.9975130850600888, "Test Loss": 68.5136489868164, "MAE (test data)": 7.755701065063477, "RMSE (test data)": 8.277297019958496, "MAPE (test data)": 4.81269471347332, "MSE (test data)": 68.5136489868164, "R2 (test data)": 0.9973023433713982, "_timestamp": 1710060127.4720461, "_runtime": 11.99970817565918, "_step": 29, "Scatter Plot": {"_type": "image-file", "sha256": "f831ba5723caf9c0036d00b9180deca8aaf359e4f3631ce7095ba43f6719d7c6", "size": 38304, "path": "media/images/Scatter Plot_28_f831ba5723caf9c0036d.png", "format": "png", "width": 800, "height": 600}, "Distribution Plot": {"_type": "image-file", "sha256": "061522b2fd61efe2a46b529809b3f796a18c7c457281cbf8c4c7b7d1549ef8e8", "size": 32748, "path": "media/images/Distribution Plot_29_061522b2fd61efe2a46b.png", "format": "png", "width": 800, "height": 600}, "_wandb": {"runtime": 11}}