{"train_loss": 4822.034019913513, "_timestamp": 1710066214.474715, "_runtime": 96.00893306732178, "_step": 8, "Communication Time": 8.964322090148926, "RMSE (test data)": 63.97514724731445, "MAE (test data)": 50.84193801879883, "MAPE (test data)": 87.09337115287781, "MSE (test data)": 4092.819580078125, "R2 (test data)": 0.6643199631557373, "loss(test data)": 4092.819357404004, "Scatter Plot": {"_type": "image-file", "sha256": "d058cd51958ff2dd2a74a7c4ac5a3b03d56164efa8bf2069090f2cbd96f2d4b8", "size": 81098, "path": "media/images/Scatter Plot_7_d058cd51958ff2dd2a74.png", "format": "png", "width": 800, "height": 600}, "Distribution Plot": {"_type": "image-file", "sha256": "19479805eb20ebde1f4ac79f456c47948332b70ebe38a7e6f04ad498ff2ed3e2", "size": 39269, "path": "media/images/Distribution Plot_8_19479805eb20ebde1f4a.png", "format": "png", "width": 800, "height": 600}}