{"Train Loss": 11.51274454051798, "Train RMSE": 2.641153335571289, "MAE (train data)": 1.7432130575180054, "RMSE (train data)": 2.641153335571289, "MAPE (train data)": 1.4729485847055912, "MSE (train data)": 6.975691318511963, "R2 (train data)": 0.9994228012322616, "Test Loss": 7.14376974105835, "MAE (test data)": 1.7656077146530151, "RMSE (test data)": 2.672783136367798, "MAPE (test data)": 1.48243959993124, "MSE (test data)": 7.14376974105835, "R2 (test data)": 0.9994262696922414, "_timestamp": 1710060034.1865852, "_runtime": 9.861485242843628, "_step": 29, "Scatter Plot": {"_type": "image-file", "sha256": "6e942fc6d4b2a8fc89e7eed3ac38856b2e34c91f2e2665dbb8983213faf087da", "size": 38405, "path": "media/images/Scatter Plot_28_6e942fc6d4b2a8fc89e7.png", "format": "png", "width": 800, "height": 600}, "Distribution Plot": {"_type": "image-file", "sha256": "2307fcc5fa66de5e4ccca872105649bd3daa697c627b9899ff8610e22886c070", "size": 31471, "path": "media/images/Distribution Plot_29_2307fcc5fa66de5e4ccc.png", "format": "png", "width": 800, "height": 600}, "_wandb": {"runtime": 8}}