{"Communication Time": 0.4661879539489746, "_timestamp": 1710058286.4422212, "_runtime": 104.23536109924316, "_step": 199, "RMSE (test data)": 3.3519530296325684, "MAE (test data)": 2.225188732147217, "MAPE (test data)": 94.75419521331787, "MSE (test data)": 11.235589027404785, "R2 (test data)": 0.9990594627199088, "loss(test data)": 11.235588608083036, "_wandb": {"runtime": 104}}