{"Train Loss": 106.19293921334403, "Train RMSE": 9.62267017364502, "MAE (train data)": 6.354168891906738, "RMSE (train data)": 9.622669219970703, "MAPE (train data)": 6.072806939482689, "MSE (train data)": 92.59577178955078, "R2 (train data)": 0.9926514401475311, "Test Loss": 76.10612487792969, "MAE (test data)": 6.3119330406188965, "RMSE (test data)": 8.723882675170898, "MAPE (test data)": 5.0519827753305435, "MSE (test data)": 76.10613250732422, "R2 (test data)": 0.9930073922917119, "_timestamp": 1710060257.104501, "_runtime": 8.592875957489014, "_step": 29, "Scatter Plot": {"_type": "image-file", "sha256": "5e747eadd69e77e1f41a8c27f2d63b83221f8d2f170386ae653e41dc0beb5c9f", "size": 37497, "path": "media/images/Scatter Plot_28_5e747eadd69e77e1f41a.png", "format": "png", "width": 800, "height": 600}, "Distribution Plot": {"_type": "image-file", "sha256": "9649cbb836d8ee5bc1d2a6c9a89bd05fc6a25ce9e7e505652ddd9e2f5d927e0a", "size": 31047, "path": "media/images/Distribution Plot_29_9649cbb836d8ee5bc1d2.png", "format": "png", "width": 800, "height": 600}, "_wandb": {"runtime": 7}}