{"Train Loss": 19.569477442868294, "Train RMSE": 2.061523675918579, "MAE (train data)": 1.6699955463409424, "RMSE (train data)": 2.061523914337158, "MAPE (train data)": 0.947862584143877, "MSE (train data)": 4.249880790710449, "R2 (train data)": 0.9996525957099449, "Test Loss": 4.257906913757324, "MAE (test data)": 1.6609762907028198, "RMSE (test data)": 2.063469648361206, "MAPE (test data)": 0.9465371258556843, "MSE (test data)": 4.257906913757324, "R2 (test data)": 0.9996566544950065, "_timestamp": 1710062743.44519, "_runtime": 14.402070999145508, "_step": 29, "Scatter Plot": {"_type": "image-file", "sha256": "965b99320b7eb04a010bcb5792720449763dde2e973ca96b3805795403175971", "size": 39264, "path": "media/images/Scatter Plot_28_965b99320b7eb04a010b.png", "format": "png", "width": 800, "height": 600}, "Distribution Plot": {"_type": "image-file", "sha256": "b5517bdaea7cdcf06ae2768c9eb565f38347b5c661007d38a4add1a803294ac8", "size": 30782, "path": "media/images/Distribution Plot_29_b5517bdaea7cdcf06ae2.png", "format": "png", "width": 800, "height": 600}, "_wandb": {"runtime": 12}}