{"Communication Time": 1.19059419631958, "_timestamp": 1707753542.296948, "_runtime": 34.560117959976196, "_step": 28, "RMSE (test data)": 35.6268196105957, "MAE (test data)": 30.4727725982666, "MAPE (test data)": 165.5950665473938, "MSE (test data)": 1269.2701416015625, "R2 (test data)": 0.918632373145926, "loss(test data)": 1269.2701824921105, "Scatter Plot": {"_type": "image-file", "sha256": "4d11f34a854997092e8e3e13708c2acc7e4ca80e4cca2bb05d9303c7a1708a1c", "size": 43128, "path": "media/images/Scatter Plot_26_4d11f34a854997092e8e.png", "format": "png", "width": 800, "height": 600}, "Distribution Plot": {"_type": "image-file", "sha256": "173ae1ad2c84007c1286dd1109b9993a772e5b91d2ff8b72a0d8dfb69dec6b15", "size": 32324, "path": "media/images/Distribution Plot_27_173ae1ad2c84007c1286.png", "format": "png", "width": 800, "height": 600}}