{"Communication Time": 4.6480278968811035, "_timestamp": 1709986070.8349838, "_runtime": 64.31243681907654, "_step": 21, "RMSE (test data)": 72.34717559814453, "MAE (test data)": 62.424034118652344, "MAPE (test data)": 129.72962856292725, "MSE (test data)": 5234.11328125, "R2 (test data)": 0.5779360311721893, "loss(test data)": 5234.1130860064095}