{"Communication Time": 1.06516695022583, "_timestamp": 1707834502.5814972, "_runtime": 56.69756627082825, "_step": 137, "RMSE (test data)": 1.8176671266555786, "MAE (test data)": 1.2246570587158203, "MAPE (test data)": 128.08010578155518, "MSE (test data)": 3.3039135932922363, "R2 (test data)": 0.9997990757283984, "loss(test data)": 3.3039134945034134, "Scatter Plot": {"_type": "image-file", "sha256": "27c420dfdd9e09a893cedd30a8b57a91dbe512015f02257a736d6a6932a45bfd", "size": 43235, "path": "media/images/Scatter Plot_134_27c420dfdd9e09a893ce.png", "format": "png", "width": 800, "height": 600}, "Distribution Plot": {"_type": "image-file", "sha256": "e6a62daded0445f0dc377d598bbe0b11fa6b44fe4a8b37150a167c6bcf87b6e8", "size": 30616, "path": "media/images/Distribution Plot_135_e6a62daded0445f0dc37.png", "format": "png", "width": 800, "height": 600}, "_wandb": {"runtime": 56}}