{"Train Loss": 13.718884787107667, "Train RMSE": 7.631773948669434, "MAE (train data)": 6.670970916748047, "RMSE (train data)": 7.631773471832275, "MAPE (train data)": 3.430682420730591, "MSE (train data)": 58.24396896362305, "R2 (train data)": 0.9952388764010461, "Test Loss": 57.60569763183594, "MAE (test data)": 6.605156898498535, "RMSE (test data)": 7.589841842651367, "MAPE (test data)": 3.4055791795253754, "MSE (test data)": 57.60569763183594, "R2 (test data)": 0.9953548409230989, "_timestamp": 1710058764.686375, "_runtime": 13.39641785621643, "_step": 29, "Scatter Plot": {"_type": "image-file", "sha256": "73793f95118e3ae78aae99f77543d656201ec0d506a6f82de287e4c050b6840c", "size": 39648, "path": "media/images/Scatter Plot_28_73793f95118e3ae78aae.png", "format": "png", "width": 800, "height": 600}, "Distribution Plot": {"_type": "image-file", "sha256": "0d6e4b03f09d7040c2dda001beefd1a05f0153d9e2375620f775a599f07bdb9f", "size": 34662, "path": "media/images/Distribution Plot_29_0d6e4b03f09d7040c2dd.png", "format": "png", "width": 800, "height": 600}, "_wandb": {"runtime": 12}}