{"Train Loss": 17.70814798247646, "Train RMSE": 3.7584071159362793, "MAE (train data)": 2.9975407123565674, "RMSE (train data)": 3.7584073543548584, "MAPE (train data)": 2.346278540790081, "MSE (train data)": 14.125625610351562, "R2 (train data)": 0.9988576027715106, "Test Loss": 17.656137466430664, "MAE (test data)": 3.1870102882385254, "RMSE (test data)": 4.201920509338379, "MAPE (test data)": 2.673216350376606, "MSE (test data)": 17.65613555908203, "R2 (test data)": 0.9985219952266167, "_timestamp": 1710060110.356051, "_runtime": 9.18814992904663, "_step": 29, "Scatter Plot": {"_type": "image-file", "sha256": "48c9b59e326acb306395504c66b2a694f6014765c9cec27199756954b4ac1dd2", "size": 38633, "path": "media/images/Scatter Plot_28_48c9b59e326acb306395.png", "format": "png", "width": 800, "height": 600}, "Distribution Plot": {"_type": "image-file", "sha256": "e8463c7caead3868878c2f64de0f1f28d8c5ca89cf501cc86e93dfe7025284ba", "size": 31212, "path": "media/images/Distribution Plot_29_e8463c7caead3868878c.png", "format": "png", "width": 800, "height": 600}, "_wandb": {"runtime": 7}}