{"Communication Time": 1.4566316604614258, "_timestamp": 1709976468.7889779, "_runtime": 44.149720907211304, "_step": 47, "RMSE (test data)": 2.1072330474853516, "MAE (test data)": 1.5477473735809326, "MAPE (test data)": 138.95652294158936, "MSE (test data)": 4.440431118011475, "R2 (test data)": 0.9997095242478895, "loss(test data)": 4.440430974490537}