{"Train Loss": 32.2916397919526, "Train RMSE": 5.5470075607299805, "MAE (train data)": 4.435983657836914, "RMSE (train data)": 5.5470075607299805, "MAPE (train data)": 3.7076912820339203, "MSE (train data)": 30.76929473876953, "R2 (train data)": 0.9975481328833062, "Test Loss": 29.488859176635742, "MAE (test data)": 4.335178852081299, "RMSE (test data)": 5.430364608764648, "MAPE (test data)": 3.808065503835678, "MSE (test data)": 29.488859176635742, "R2 (test data)": 0.9976955128630909, "_timestamp": 1710062675.263175, "_runtime": 9.475171089172363, "_step": 29, "Scatter Plot": {"_type": "image-file", "sha256": "afa39cec092288fa2034f8f130b186088e8ecd472952f3abd62ec144eae7e14b", "size": 37917, "path": "media/images/Scatter Plot_28_afa39cec092288fa2034.png", "format": "png", "width": 800, "height": 600}, "Distribution Plot": {"_type": "image-file", "sha256": "94638317add883ace2cf90e809453e4ba556a809bbc5183e71cbe176e61c2a89", "size": 34660, "path": "media/images/Distribution Plot_29_94638317add883ace2cf.png", "format": "png", "width": 800, "height": 600}, "_wandb": {"runtime": 8}}