{"Train Loss": 4.536303558239811, "Train RMSE": 1.9046857357025146, "MAE (train data)": 1.3908125162124634, "RMSE (train data)": 1.9046857357025146, "MAPE (train data)": 1.211452204734087, "MSE (train data)": 3.6278278827667236, "R2 (train data)": 0.9997090250859442, "Test Loss": 4.09855318069458, "MAE (test data)": 1.480194091796875, "RMSE (test data)": 2.0244884490966797, "MAPE (test data)": 1.366772223263979, "MSE (test data)": 4.09855318069458, "R2 (test data)": 0.9996672640739223, "_timestamp": 1710060239.8764439, "_runtime": 9.969006776809692, "_step": 29, "Scatter Plot": {"_type": "image-file", "sha256": "b5b267b0fc7b93accd6428fefe6100f5d9a870f2db614416c24058caa13e3a80", "size": 37306, "path": "media/images/Scatter Plot_28_b5b267b0fc7b93accd64.png", "format": "png", "width": 800, "height": 600}, "Distribution Plot": {"_type": "image-file", "sha256": "475c3c8fe6dc505276ffcae730ee3ead4645741d26ebf4c9baca22556ff0c963", "size": 37013, "path": "media/images/Distribution Plot_29_475c3c8fe6dc505276ff.png", "format": "png", "width": 800, "height": 600}, "_wandb": {"runtime": 8}}