{"Train Loss": 17.582494802877935, "Train RMSE": 3.359546422958374, "MAE (train data)": 2.5809335708618164, "RMSE (train data)": 3.359546422958374, "MAPE (train data)": 1.9961871206760406, "MSE (train data)": 11.286552429199219, "R2 (train data)": 0.9990872102077927, "Test Loss": 12.096907615661621, "MAE (test data)": 2.671982526779175, "RMSE (test data)": 3.4780609607696533, "MAPE (test data)": 2.0722709596157074, "MSE (test data)": 12.096907615661621, "R2 (test data)": 0.9989873612745123, "_timestamp": 1710062689.101402, "_runtime": 9.045148134231567, "_step": 29, "Scatter Plot": {"_type": "image-file", "sha256": "9163b06aef5ab5e91b2fa238e2f68e1f872a96c6f775eb6037df0c8f58e1fe51", "size": 37329, "path": "media/images/Scatter Plot_28_9163b06aef5ab5e91b2f.png", "format": "png", "width": 800, "height": 600}, "Distribution Plot": {"_type": "image-file", "sha256": "b56dd4f0d38d4dfbadf976b9bf0120ecd2792f6eea7ea165c749020b14af003f", "size": 37573, "path": "media/images/Distribution Plot_29_b56dd4f0d38d4dfbadf9.png", "format": "png", "width": 800, "height": 600}, "_wandb": {"runtime": 7}}