{"Train Loss": 98.99062838531347, "Train RMSE": 7.9595465660095215, "MAE (train data)": 4.979075908660889, "RMSE (train data)": 7.95954704284668, "MAPE (train data)": 3.8894031196832657, "MSE (train data)": 63.35438919067383, "R2 (train data)": 0.9976557990304049, "Test Loss": 61.13209533691406, "MAE (test data)": 4.898153305053711, "RMSE (test data)": 7.81870174407959, "MAPE (test data)": 4.083431884646416, "MSE (test data)": 61.13209915161133, "R2 (test data)": 0.9977426062808074, "_timestamp": 1710060224.777161, "_runtime": 11.122910976409912, "_step": 29, "Scatter Plot": {"_type": "image-file", "sha256": "251a4cc894ab2b2312e9a35482ba97798ac1904f6504b8a7644fde2be596893a", "size": 39608, "path": "media/images/Scatter Plot_28_251a4cc894ab2b2312e9.png", "format": "png", "width": 800, "height": 600}, "Distribution Plot": {"_type": "image-file", "sha256": "c7a48ea8ea9e914772c1a8e7af54038611b2e6933d4b0da28981becad4e5634e", "size": 31440, "path": "media/images/Distribution Plot_29_c7a48ea8ea9e914772c1.png", "format": "png", "width": 800, "height": 600}, "_wandb": {"runtime": 9}}