{"loss": 8417.28880174513, "rmse": 9.40920763676293, "r_squared": 0.38922897657138844, "mse": 8417.288409978693, "mae": 75.10622135509144, "_timestamp": 1707748322.5160189, "_runtime": 174.80475783348083, "_step": 12}