{"loss": 1.78090465378792, "rmse": 0.9663766529789979, "r_squared": 0.9998516935791506, "mse": 1.7809045664774523, "mae": 0.7613146644587435, "_timestamp": 1710057218.099382, "_runtime": 430.4786009788513, "_step": 99, "_wandb": {"runtime": 430}}