{"Train Loss": 19.954868602752686, "Train RMSE": 7.7937397956848145, "MAE (train data)": 6.6818952560424805, "RMSE (train data)": 7.7937397956848145, "MAPE (train data)": 4.505122825503349, "MSE (train data)": 60.74238204956055, "R2 (train data)": 0.996421488580672, "Test Loss": 60.04131317138672, "MAE (test data)": 6.655449390411377, "RMSE (test data)": 7.748632431030273, "MAPE (test data)": 4.657777771353722, "MSE (test data)": 60.04130554199219, "R2 (test data)": 0.9965970892983762, "_timestamp": 1710058638.5211678, "_runtime": 10.152987718582153, "_step": 29, "Scatter Plot": {"_type": "image-file", "sha256": "e5f409adf8d2be4c0268cb02ed73c60b05ccc93567951f25604ce6e4f86d4d9c", "size": 37490, "path": "media/images/Scatter Plot_28_e5f409adf8d2be4c0268.png", "format": "png", "width": 800, "height": 600}, "Distribution Plot": {"_type": "image-file", "sha256": "a27b49393d231255e45dea554bd03b5a7f4b6c55e2daee94b8f89af1821ae2b4", "size": 32738, "path": "media/images/Distribution Plot_29_a27b49393d231255e45d.png", "format": "png", "width": 800, "height": 600}, "_wandb": {"runtime": 8}}