{"Train Loss": 34.50023184166298, "Train RMSE": 7.756842613220215, "MAE (train data)": 6.250872611999512, "RMSE (train data)": 7.756842613220215, "MAPE (train data)": 3.5748831927776337, "MSE (train data)": 60.168609619140625, "R2 (train data)": 0.9963814522091314, "Test Loss": 60.68545150756836, "MAE (test data)": 6.35546875, "RMSE (test data)": 7.79008674621582, "MAPE (test data)": 3.7427715957164764, "MSE (test data)": 60.68545150756836, "R2 (test data)": 0.9960301933004051, "_timestamp": 1710062584.242267, "_runtime": 10.3173189163208, "_step": 29, "Scatter Plot": {"_type": "image-file", "sha256": "fedb14cd2843d0bcbeaf10139a5a876f9b83c8c0c27940cad0dbd15c2efbb8a7", "size": 36940, "path": "media/images/Scatter Plot_28_fedb14cd2843d0bcbeaf.png", "format": "png", "width": 800, "height": 600}, "Distribution Plot": {"_type": "image-file", "sha256": "24d215cec9c11bf82a485b571a9ce6666d5668b7c8ed51316fd96118e0c80d68", "size": 32092, "path": "media/images/Distribution Plot_29_24d215cec9c11bf82a48.png", "format": "png", "width": 800, "height": 600}, "_wandb": {"runtime": 8}}