{"Train Loss": 10.282849627871846, "Train RMSE": 2.9738662242889404, "MAE (train data)": 2.363924980163574, "RMSE (train data)": 2.9738662242889404, "MAPE (train data)": 1.7637468874454498, "MSE (train data)": 8.843879699707031, "R2 (train data)": 0.9992897487828789, "Test Loss": 9.466660499572754, "MAE (test data)": 2.424664258956909, "RMSE (test data)": 3.076793909072876, "MAPE (test data)": 1.9227799028158188, "MSE (test data)": 9.466660499572754, "R2 (test data)": 0.9992417359870225, "_timestamp": 1710062877.316854, "_runtime": 10.533350944519043, "_step": 29, "Scatter Plot": {"_type": "image-file", "sha256": "d21c6f123977d76abaa454c6b00f4ce8b71f74a4e24f39be55a490679a5faea4", "size": 37633, "path": "media/images/Scatter Plot_28_d21c6f123977d76abaa4.png", "format": "png", "width": 800, "height": 600}, "Distribution Plot": {"_type": "image-file", "sha256": "c81b93d12e6aa1feb52dc60c7e4344af809df9039af44ef0da2c786e11a2e876", "size": 36430, "path": "media/images/Distribution Plot_29_c81b93d12e6aa1feb52d.png", "format": "png", "width": 800, "height": 600}, "_wandb": {"runtime": 9}}