{"Train Loss": 110.57564720740685, "Train RMSE": 9.56871509552002, "MAE (train data)": 7.243887424468994, "RMSE (train data)": 9.568714141845703, "MAPE (train data)": 6.871709227561951, "MSE (train data)": 91.56028747558594, "R2 (train data)": 0.9925748499480916, "Test Loss": 112.98224639892578, "MAE (test data)": 8.374001502990723, "RMSE (test data)": 10.629310607910156, "MAPE (test data)": 8.131175488233566, "MSE (test data)": 112.98225402832031, "R2 (test data)": 0.9903159316576934, "_timestamp": 1710062861.699845, "_runtime": 9.16894817352295, "_step": 29, "Scatter Plot": {"_type": "image-file", "sha256": "530dce0ae7e4ddf0fda0b25e091f5b3d5b0e21f0567e03ae3f3004dc6948d834", "size": 36010, "path": "media/images/Scatter Plot_28_530dce0ae7e4ddf0fda0.png", "format": "png", "width": 800, "height": 600}, "Distribution Plot": {"_type": "image-file", "sha256": "7ec6e25f4c22fc372be47bf605bf4f8bf44d8393a545403bc37a4f8a7f1efce4", "size": 34671, "path": "media/images/Distribution Plot_29_7ec6e25f4c22fc372be4.png", "format": "png", "width": 800, "height": 600}, "_wandb": {"runtime": 7}}