{"Communication Time": 0.9463000297546387, "_timestamp": 1707770740.556055, "_runtime": 313.6356830596924, "_step": 84, "RMSE (test data)": 95.27769470214844, "MAE (test data)": 73.40872192382812, "MAPE (test data)": 106.70865774154663, "MSE (test data)": 9077.8388671875, "R2 (test data)": 0.6326623923160084, "loss(test data)": 9077.839441320399, "Scatter Plot": {"_type": "image-file", "sha256": "0f6ec6efd754c67c181871c18917ef7847013119d2cdaa20ffc3e51041fb6426", "size": 38941, "path": "media/images/Scatter Plot_82_0f6ec6efd754c67c1818.png", "format": "png", "width": 800, "height": 600}, "Distribution Plot": {"_type": "image-file", "sha256": "c321f0f510270a2d34861005c93f3c5f697c3f8baf069b0358df7ea32ea3c336", "size": 37236, "path": "media/images/Distribution Plot_83_c321f0f510270a2d3486.png", "format": "png", "width": 800, "height": 600}}