{"Train Loss": 20.30944147258997, "Train RMSE": 5.278837203979492, "MAE (train data)": 4.481064319610596, "RMSE (train data)": 5.278837203979492, "MAPE (train data)": 3.3908959478139877, "MSE (train data)": 27.866121292114258, "R2 (train data)": 0.9987670511308853, "Test Loss": 28.500703811645508, "MAE (test data)": 4.558720588684082, "RMSE (test data)": 5.338604927062988, "MAPE (test data)": 3.8064144551754, "MSE (test data)": 28.500703811645508, "R2 (test data)": 0.9987978237522656, "_timestamp": 1710058667.4319339, "_runtime": 10.078728914260864, "_step": 29, "Scatter Plot": {"_type": "image-file", "sha256": "f065730c686d21d05bdf00dcc6d81e4c2d512a1b3e6675abc9968c8c17cf6401", "size": 37260, "path": "media/images/Scatter Plot_28_f065730c686d21d05bdf.png", "format": "png", "width": 800, "height": 600}, "Distribution Plot": {"_type": "image-file", "sha256": "cf9f23589059c8bca64356719d758a5e8661408ea8f6a427e226f997686d51f4", "size": 35214, "path": "media/images/Distribution Plot_29_cf9f23589059c8bca643.png", "format": "png", "width": 800, "height": 600}, "_wandb": {"runtime": 8}}