{"Communication Time": 1.2226850986480713, "_timestamp": 1710058150.068863, "_runtime": 121.94122099876404, "_step": 199, "RMSE (test data)": 0.2378285974264145, "MAE (test data)": 0.1593998819589615, "MAPE (test data)": 99.88616704940796, "MSE (test data)": 0.05656244233250618, "R2 (test data)": 0.9999954689399126, "loss(test data)": 0.05656244324907052, "_wandb": {"runtime": 121}}