{"Train Loss": 25.912496042023434, "Train RMSE": 4.402626037597656, "MAE (train data)": 3.217665910720825, "RMSE (train data)": 4.402626037597656, "MAPE (train data)": 2.2286685183644295, "MSE (train data)": 19.383115768432617, "R2 (train data)": 0.9990957690145124, "Test Loss": 18.505146026611328, "MAE (test data)": 3.179724931716919, "RMSE (test data)": 4.301760673522949, "MAPE (test data)": 2.3384923115372658, "MSE (test data)": 18.505146026611328, "R2 (test data)": 0.9990781405646879, "_timestamp": 1710059970.0736918, "_runtime": 9.955224752426147, "_step": 29, "Scatter Plot": {"_type": "image-file", "sha256": "93b46897c68173247f98289e326993a9e9d1db121675cc54350615d7cbef9b16", "size": 37004, "path": "media/images/Scatter Plot_28_93b46897c68173247f98.png", "format": "png", "width": 800, "height": 600}, "Distribution Plot": {"_type": "image-file", "sha256": "d4c183ec7e67c0d1384d378bb6aaa29ea4eeb64cfd2aecdf0c8f1f8b43a0583c", "size": 32457, "path": "media/images/Distribution Plot_29_d4c183ec7e67c0d1384d.png", "format": "png", "width": 800, "height": 600}, "_wandb": {"runtime": 9}}