{"loss": 4052.4200323576924, "rmse": 7.97832245573791, "r_squared": 0.6687464582176529, "mse": 4052.4203928520706, "mae": 50.32619336871883, "_timestamp": 1710066214.673298, "_runtime": 103.21771097183228, "_step": 0}