{"Train Loss": 5.606948894747136, "Train RMSE": 2.5982799530029297, "MAE (train data)": 2.1301140785217285, "RMSE (train data)": 2.5982797145843506, "MAPE (train data)": 1.9294310361146927, "MSE (train data)": 6.7510576248168945, "R2 (train data)": 0.9996850601111684, "Test Loss": 6.796039581298828, "MAE (test data)": 2.1343255043029785, "RMSE (test data)": 2.606921434402466, "MAPE (test data)": 2.090093679726124, "MSE (test data)": 6.796039581298828, "R2 (test data)": 0.9996614458778028, "_timestamp": 1710062552.858793, "_runtime": 10.815903902053833, "_step": 29, "Scatter Plot": {"_type": "image-file", "sha256": "bcb745bf5a4a12616b93ab95db48841f660907b85ca6f07125144a9f33c169ba", "size": 37424, "path": "media/images/Scatter Plot_28_bcb745bf5a4a12616b93.png", "format": "png", "width": 800, "height": 600}, "Distribution Plot": {"_type": "image-file", "sha256": "5dcbfa5df9d5b9c51bab554849234d0a4ec50f6251edb220e405d913fc57525a", "size": 31888, "path": "media/images/Distribution Plot_29_5dcbfa5df9d5b9c51bab.png", "format": "png", "width": 800, "height": 600}, "_wandb": {"runtime": 10}}