{"Train Loss": 23.251288684797874, "Train RMSE": 5.277443885803223, "MAE (train data)": 4.133498668670654, "RMSE (train data)": 5.277443885803223, "MAPE (train data)": 2.9713645577430725, "MSE (train data)": 27.85141372680664, "R2 (train data)": 0.9978630199005444, "Test Loss": 33.96150588989258, "MAE (test data)": 4.438135147094727, "RMSE (test data)": 5.8276495933532715, "MAPE (test data)": 3.4609295427799225, "MSE (test data)": 33.96150207519531, "R2 (test data)": 0.997040447315199, "_timestamp": 1710058713.749519, "_runtime": 9.373118162155151, "_step": 29, "Scatter Plot": {"_type": "image-file", "sha256": "c7e76a57f1f72e4f0bff281508dddf88963f32647a4c4b7458e2b3e82a290dda", "size": 39518, "path": "media/images/Scatter Plot_28_c7e76a57f1f72e4f0bff.png", "format": "png", "width": 800, "height": 600}, "Distribution Plot": {"_type": "image-file", "sha256": "b73c4267455ffec8f92f836884534b93a3971e318571df139aeaa5497ae14165", "size": 31559, "path": "media/images/Distribution Plot_29_b73c4267455ffec8f92f.png", "format": "png", "width": 800, "height": 600}, "_wandb": {"runtime": 8}}