{"loss": 6.2473610489644305, "rmse": 1.556427394718502, "r_squared": 0.9995689447113264, "mse": 6.247361231010143, "mae": 1.672151381507008, "_timestamp": 1707748521.284748, "_runtime": 59.269899129867554, "_step": 12}