{"loss": 4475.336098692772, "rmse": 8.178850332552996, "r_squared": 0.6345813560796962, "mse": 4475.336307402809, "mae": 53.42459078271748, "_timestamp": 1710066470.3946571, "_runtime": 99.40858817100525, "_step": 0}