{"Train Loss": 26.46188914272147, "Train RMSE": 4.350870609283447, "MAE (train data)": 2.7708983421325684, "RMSE (train data)": 4.350870132446289, "MAPE (train data)": 2.4024855345487595, "MSE (train data)": 18.930072784423828, "R2 (train data)": 0.9984690472676299, "Test Loss": 24.673206329345703, "MAE (test data)": 3.0513906478881836, "RMSE (test data)": 4.967213153839111, "MAPE (test data)": 2.7170833200216293, "MSE (test data)": 24.673208236694336, "R2 (test data)": 0.9979345923269212, "_timestamp": 1710058727.912797, "_runtime": 9.304604053497314, "_step": 29, "Scatter Plot": {"_type": "image-file", "sha256": "af6ed3cc215a75662d1d27b22b81bda684ed0e9c7123f1e6947b2bf871ec3861", "size": 38733, "path": "media/images/Scatter Plot_28_af6ed3cc215a75662d1d.png", "format": "png", "width": 800, "height": 600}, "Distribution Plot": {"_type": "image-file", "sha256": "4a86cfe758e85c9495edc26f702c40ada625224e5ded0afd4bb0ca5d1e3c914c", "size": 30530, "path": "media/images/Distribution Plot_29_4a86cfe758e85c9495ed.png", "format": "png", "width": 800, "height": 600}, "_wandb": {"runtime": 7}}