{"Communication Time": 1.2831230163574219, "_timestamp": 1707834502.9105139, "_runtime": 57.00124478340149, "_step": 139, "RMSE (test data)": 1.5607728958129883, "MAE (test data)": 1.1157381534576416, "MAPE (test data)": 157.20454454421997, "MSE (test data)": 2.436012029647827, "R2 (test data)": 0.9998675111218376, "loss(test data)": 2.4360121840950826, "Scatter Plot": {"_type": "image-file", "sha256": "9f1116fd54a3d94d4217690756a08c34004c0d732062828104cea900739775e7", "size": 44585, "path": "media/images/Scatter Plot_138_9f1116fd54a3d94d4217.png", "format": "png", "width": 800, "height": 600}, "Distribution Plot": {"_type": "image-file", "sha256": "02f629479b300c38ecd9e22dd0eabf3b18f8789a19cf87b95f8ea74984ddb86c", "size": 32055, "path": "media/images/Distribution Plot_139_02f629479b300c38ecd9.png", "format": "png", "width": 800, "height": 600}}