{"Train Loss": 6.149583374405955, "Train RMSE": 2.292206048965454, "MAE (train data)": 1.6309542655944824, "RMSE (train data)": 2.292206048965454, "MAPE (train data)": 1.4308925718069077, "MSE (train data)": 5.254209041595459, "R2 (train data)": 0.9995678205441386, "Test Loss": 5.235824108123779, "MAE (test data)": 1.6730207204818726, "RMSE (test data)": 2.2881925106048584, "MAPE (test data)": 1.4935074374079704, "MSE (test data)": 5.2358245849609375, "R2 (test data)": 0.9995749379729271, "_timestamp": 1710060176.694407, "_runtime": 9.24364709854126, "_step": 29, "Scatter Plot": {"_type": "image-file", "sha256": "403482807d24c5e7ab31caf9073d166b9b2d085d2701659cf3fb1c04eb713a30", "size": 38401, "path": "media/images/Scatter Plot_28_403482807d24c5e7ab31.png", "format": "png", "width": 800, "height": 600}, "Distribution Plot": {"_type": "image-file", "sha256": "26267d5951e2b9b233419a210f9288fced81b27280b92d104358acca6d8bb9b4", "size": 30467, "path": "media/images/Distribution Plot_29_26267d5951e2b9b23341.png", "format": "png", "width": 800, "height": 600}, "_wandb": {"runtime": 8}}