{"Communication Time": 0.8350777626037598, "_timestamp": 1710058150.0561259, "_runtime": 121.70778894424438, "_step": 199, "RMSE (test data)": 0.804308295249939, "MAE (test data)": 0.6926278471946716, "MAPE (test data)": 92.67953038215637, "MSE (test data)": 0.6469117999076843, "R2 (test data)": 0.9999450852259048, "loss(test data)": 0.6469118616726293, "_wandb": {"runtime": 121}}