{"Train Loss": 4.547414001396724, "Train RMSE": 2.226865291595459, "MAE (train data)": 1.8855100870132446, "RMSE (train data)": 2.226865291595459, "MAPE (train data)": 1.3586191460490227, "MSE (train data)": 4.958929538726807, "R2 (train data)": 0.9996000021279302, "Test Loss": 5.465283393859863, "MAE (test data)": 1.9562904834747314, "RMSE (test data)": 2.337794542312622, "MAPE (test data)": 1.5417784452438354, "MSE (test data)": 5.465283393859863, "R2 (test data)": 0.999562191342244, "_timestamp": 1710060053.7153962, "_runtime": 10.077958106994629, "_step": 29, "Scatter Plot": {"_type": "image-file", "sha256": "a54d40d2708c997ee1ce0a1fb023fe1831397054d25c6c63299917acbc2dc9fa", "size": 37584, "path": "media/images/Scatter Plot_28_a54d40d2708c997ee1ce.png", "format": "png", "width": 800, "height": 600}, "Distribution Plot": {"_type": "image-file", "sha256": "503b08568b868dd49805fb07537f3110b69ab6d12392af299bf96dfcaf4b847a", "size": 32315, "path": "media/images/Distribution Plot_29_503b08568b868dd49805.png", "format": "png", "width": 800, "height": 600}, "_wandb": {"runtime": 8}}