{"Communication Time": 0.7713379859924316, "_timestamp": 1710058150.0546792, "_runtime": 121.78506517410278, "_step": 199, "RMSE (test data)": 1.0937591791152954, "MAE (test data)": 0.9462007880210876, "MAPE (test data)": 96.00225687026978, "MSE (test data)": 1.1963090896606445, "R2 (test data)": 0.9998957484372016, "loss(test data)": 1.1963091039571598, "_wandb": {"runtime": 121}}