{"loss": 483.2440109928641, "rmse": 4.439215157790156, "r_squared": 0.9721454561166695, "mse": 483.24400298466173, "mae": 14.881907705459554, "_timestamp": 1707753541.1044009, "_runtime": 48.537885904312134, "_step": 6}