{"train_loss": 13152.621672874273, "_timestamp": 1710066212.624758, "_runtime": 94.20510697364807, "_step": 6, "Communication Time": 4.722431898117065, "RMSE (test data)": 62.835914611816406, "MAE (test data)": 49.31497573852539, "MAPE (test data)": 85.80189347267151, "MSE (test data)": 3948.35205078125, "R2 (test data)": 0.67709729009453, "loss(test data)": 3948.352114061616, "_wandb": {"runtime": 95}}