{"loss": 4.871727123558032, "rmse": 1.4099789701353593, "r_squared": 0.9995952421159346, "mse": 4.871727151823748, "mae": 1.2461302127744176, "_timestamp": 1710058405.744805, "_runtime": 103.15828514099121, "_step": 99, "_wandb": {"runtime": 102}}