{"loss": 20965.7216906611, "rmse": 11.972000727769498, "r_squared": -0.44985953666318884, "mse": 20965.72169022115, "mae": 119.73125224335035, "_timestamp": 1710010564.666326, "_runtime": 662.0887100696564, "_step": 99, "_wandb": {"runtime": 661}}