{"Train Loss": 8.498243416605456, "Train RMSE": 3.985194444656372, "MAE (train data)": 3.41719126701355, "RMSE (train data)": 3.985194444656372, "MAPE (train data)": 1.9314715638756752, "MSE (train data)": 15.881773948669434, "R2 (train data)": 0.9987017524813543, "Test Loss": 15.907586097717285, "MAE (test data)": 3.3799984455108643, "RMSE (test data)": 3.988431453704834, "MAPE (test data)": 1.8954671919345856, "MSE (test data)": 15.907586097717285, "R2 (test data)": 0.9987172576216445, "_timestamp": 1710060162.4352908, "_runtime": 13.346388816833496, "_step": 29, "Scatter Plot": {"_type": "image-file", "sha256": "a99ea0247c195681e4e021cbbf5430a7db63529332264e7a4793532315349da0", "size": 40008, "path": "media/images/Scatter Plot_28_a99ea0247c195681e4e0.png", "format": "png", "width": 800, "height": 600}, "Distribution Plot": {"_type": "image-file", "sha256": "8f4ef722ce15a3999ad591b7eeb119126a6a89dd9a03bceebab6941b41ea428f", "size": 30236, "path": "media/images/Distribution Plot_29_8f4ef722ce15a3999ad5.png", "format": "png", "width": 800, "height": 600}, "_wandb": {"runtime": 11}}