{"Train Loss": 4.3701837136763935, "Train RMSE": 2.0008316040039062, "MAE (train data)": 1.54094660282135, "RMSE (train data)": 2.0008316040039062, "MAPE (train data)": 1.3452567160129547, "MSE (train data)": 4.003326892852783, "R2 (train data)": 0.9996776913509436, "Test Loss": 4.4329938888549805, "MAE (test data)": 1.595533013343811, "RMSE (test data)": 2.1054675579071045, "MAPE (test data)": 1.420039590448141, "MSE (test data)": 4.4329938888549805, "R2 (test data)": 0.9996374624820833, "_timestamp": 1710060067.991542, "_runtime": 9.79132604598999, "_step": 29, "Scatter Plot": {"_type": "image-file", "sha256": "4133488b7763d4dd535284557c2f0cec4cce665304d1f938e38fab27c0064f1e", "size": 37052, "path": "media/images/Scatter Plot_28_4133488b7763d4dd5352.png", "format": "png", "width": 800, "height": 600}, "Distribution Plot": {"_type": "image-file", "sha256": "2cc7040593046ec2511e5b62f4bf19e2e05bed4be28145eaaecffcc377868a89", "size": 31959, "path": "media/images/Distribution Plot_29_2cc7040593046ec2511e.png", "format": "png", "width": 800, "height": 600}, "_wandb": {"runtime": 8}}