{"Train Loss": 93.20797245319073, "Train RMSE": 11.520195960998535, "MAE (train data)": 9.370946884155273, "RMSE (train data)": 11.520195960998535, "MAPE (train data)": 6.665358692407608, "MSE (train data)": 132.7149200439453, "R2 (train data)": 0.9890713001473342, "Test Loss": 168.10964965820312, "MAE (test data)": 9.645206451416016, "RMSE (test data)": 12.965710639953613, "MAPE (test data)": 6.40408992767334, "MSE (test data)": 168.10964965820312, "R2 (test data)": 0.9878577336246782, "_timestamp": 1710060272.238061, "_runtime": 9.018929958343506, "_step": 29, "Scatter Plot": {"_type": "image-file", "sha256": "389a911e4f7986491b1a66197d6b6f3dfd2482d0ba8f561378e0b368b4dc6e9d", "size": 39330, "path": "media/images/Scatter Plot_28_389a911e4f7986491b1a.png", "format": "png", "width": 800, "height": 600}, "Distribution Plot": {"_type": "image-file", "sha256": "7265fa5538cc0954ca508f7d7c6bbaad55187f0b6a035680785d099ebf4a7fa8", "size": 31821, "path": "media/images/Distribution Plot_29_7265fa5538cc0954ca50.png", "format": "png", "width": 800, "height": 600}, "_wandb": {"runtime": 7}}