{"Communication Time": 1.1340291500091553, "_timestamp": 1707748522.421154, "_runtime": 31.57165002822876, "_step": 52, "RMSE (test data)": 3.127471923828125, "MAE (test data)": 2.1801061630249023, "MAPE (test data)": 130.1461935043335, "MSE (test data)": 9.781081199645996, "R2 (test data)": 0.999293453491232, "loss(test data)": 9.781080842326162, "Scatter Plot": {"_type": "image-file", "sha256": "69a7230f0ef1a2076ab5e7e8bcd4c3002e21c950990d8c688d3897a7900f83e9", "size": 51655, "path": "media/images/Scatter Plot_50_69a7230f0ef1a2076ab5.png", "format": "png", "width": 800, "height": 600}, "Distribution Plot": {"_type": "image-file", "sha256": "dde374201e541ea6e2d51837114d32e709febc54c678d400f3969d2b740506c1", "size": 34712, "path": "media/images/Distribution Plot_51_dde374201e541ea6e2d5.png", "format": "png", "width": 800, "height": 600}}