{"Train Loss": 7.629962477002825, "Train RMSE": 2.034496784210205, "MAE (train data)": 1.5588555335998535, "RMSE (train data)": 2.034496784210205, "MAPE (train data)": 1.260333601385355, "MSE (train data)": 4.139176845550537, "R2 (train data)": 0.9996661251099693, "Test Loss": 5.049083232879639, "MAE (test data)": 1.675173044204712, "RMSE (test data)": 2.247016429901123, "MAPE (test data)": 1.545281521975994, "MSE (test data)": 5.049083232879639, "R2 (test data)": 0.9995955319858482, "_timestamp": 1710058682.0343292, "_runtime": 10.183877229690552, "_step": 29, "Scatter Plot": {"_type": "image-file", "sha256": "73f06603652339ba71b03c2b7cf5f402e266e14b8ac27d4ad874fe68b2443a58", "size": 37609, "path": "media/images/Scatter Plot_28_73f06603652339ba71b0.png", "format": "png", "width": 800, "height": 600}, "Distribution Plot": {"_type": "image-file", "sha256": "76dc66b901baa8c493d3e0b0962502b3194ca96c294ec44f4f544043ceea35de", "size": 31906, "path": "media/images/Distribution Plot_29_76dc66b901baa8c493d3.png", "format": "png", "width": 800, "height": 600}, "_wandb": {"runtime": 8}}