{"train_loss": 13397.43152541257, "_timestamp": 1710066214.477202, "_runtime": 96.00620603561401, "_step": 8, "Communication Time": 6.733350038528442, "RMSE (test data)": 61.28056716918945, "MAE (test data)": 47.64570617675781, "MAPE (test data)": 82.87742733955383, "MSE (test data)": 3755.30810546875, "R2 (test data)": 0.6812210532751157, "loss(test data)": 3755.307820302847, "Scatter Plot": {"_type": "image-file", "sha256": "d058cd51958ff2dd2a74a7c4ac5a3b03d56164efa8bf2069090f2cbd96f2d4b8", "size": 81098, "path": "media/images/Scatter Plot_7_d058cd51958ff2dd2a74.png", "format": "png", "width": 800, "height": 600}, "Distribution Plot": {"_type": "image-file", "sha256": "b0ed51eedab4c86d04e0328c60c3394a59a866ff2f74a0645043d5968b7dbd27", "size": 39269, "path": "media/images/Distribution Plot_8_b0ed51eedab4c86d04e0.png", "format": "png", "width": 800, "height": 600}}