{"Train Loss": 18.5905839471256, "Train RMSE": 3.7176220417022705, "MAE (train data)": 3.15480375289917, "RMSE (train data)": 3.7176222801208496, "MAPE (train data)": 2.6380280032753944, "MSE (train data)": 13.820714950561523, "R2 (train data)": 0.9991857812918904, "Test Loss": 13.960368156433105, "MAE (test data)": 3.131673812866211, "RMSE (test data)": 3.7363574504852295, "MAPE (test data)": 2.6638809591531754, "MSE (test data)": 13.960367202758789, "R2 (test data)": 0.9992087800069654, "_timestamp": 1710059985.437408, "_runtime": 9.916656017303467, "_step": 29, "Scatter Plot": {"_type": "image-file", "sha256": "14395ec35054add6e00cd35a7f45ffc0a2b532e55f4d3aaafcbeb60ad1aa677a", "size": 37433, "path": "media/images/Scatter Plot_28_14395ec35054add6e00c.png", "format": "png", "width": 800, "height": 600}, "Distribution Plot": {"_type": "image-file", "sha256": "c818bcec8c0cff111605a4bb75184b09ab3b91f7d54c9326d7214358672a1a51", "size": 33054, "path": "media/images/Distribution Plot_29_c818bcec8c0cff111605.png", "format": "png", "width": 800, "height": 600}, "_wandb": {"runtime": 8}}