{"Communication Time": 1.157256841659546, "_timestamp": 1709976468.7775779, "_runtime": 44.13165283203125, "_step": 47, "RMSE (test data)": 7.064291477203369, "MAE (test data)": 4.845574378967285, "MAPE (test data)": 133.29168558120728, "MSE (test data)": 49.90421676635742, "R2 (test data)": 0.9971716208627497, "loss(test data)": 49.90421501685833}