{"Train Loss": 59.12666902910684, "Train RMSE": 11.376192092895508, "MAE (train data)": 9.62424087524414, "RMSE (train data)": 11.376192092895508, "MAPE (train data)": 6.740280985832214, "MSE (train data)": 129.41775512695312, "R2 (train data)": 0.9952113620959947, "Test Loss": 126.04132843017578, "MAE (test data)": 9.632708549499512, "RMSE (test data)": 11.226813316345215, "MAPE (test data)": 6.7763350903987885, "MSE (test data)": 126.04134368896484, "R2 (test data)": 0.9953457361907626, "_timestamp": 1710062802.631069, "_runtime": 10.282152891159058, "_step": 29, "Scatter Plot": {"_type": "image-file", "sha256": "d6b839528411f0c4dcfcee9edcb3e56974aa6ac8807b89dfbb51d32521cf192b", "size": 38763, "path": "media/images/Scatter Plot_28_d6b839528411f0c4dcfc.png", "format": "png", "width": 800, "height": 600}, "Distribution Plot": {"_type": "image-file", "sha256": "f0f5a7b4d215e169e8c826e19bc118b02a0de04441ce3d6ccfb591924ede1d33", "size": 36209, "path": "media/images/Distribution Plot_29_f0f5a7b4d215e169e8c8.png", "format": "png", "width": 800, "height": 600}, "_wandb": {"runtime": 8}}