{"Train Loss": 8.890628126290467, "Train RMSE": 3.6366465091705322, "MAE (train data)": 2.7654342651367188, "RMSE (train data)": 3.6366467475891113, "MAPE (train data)": 2.6020485907793045, "MSE (train data)": 13.225198745727539, "R2 (train data)": 0.9992046348694039, "Test Loss": 13.15208625793457, "MAE (test data)": 2.7760589122772217, "RMSE (test data)": 3.6265804767608643, "MAPE (test data)": 2.594219706952572, "MSE (test data)": 13.15208625793457, "R2 (test data)": 0.9991396415886736, "_timestamp": 1710058653.351237, "_runtime": 10.643818140029907, "_step": 29, "Scatter Plot": {"_type": "image-file", "sha256": "6716d82fd473090da8cc9674fbdadda4a6722f1be282e9dd2226da0aa3eafd29", "size": 36974, "path": "media/images/Scatter Plot_28_6716d82fd473090da8cc.png", "format": "png", "width": 800, "height": 600}, "Distribution Plot": {"_type": "image-file", "sha256": "f01f4204b9a6d07d9e1f6f19d99a708e457b01f4255c27855d952f17a87ef2a4", "size": 32466, "path": "media/images/Distribution Plot_29_f01f4204b9a6d07d9e1f.png", "format": "png", "width": 800, "height": 600}, "_wandb": {"runtime": 9}}