{"Communication Time": 1.2745230197906494, "_timestamp": 1709985594.0016088, "_runtime": 86.79079079627991, "_step": 91, "RMSE (test data)": 5.728678226470947, "MAE (test data)": 4.142489433288574, "MAPE (test data)": 132.80304670333862, "MSE (test data)": 32.817752838134766, "R2 (test data)": 0.9981400157630632, "loss(test data)": 32.81775445609257}