{"Train Loss": 18.911114633819203, "Train RMSE": 3.9350478649139404, "MAE (train data)": 3.1943047046661377, "RMSE (train data)": 3.9350478649139404, "MAPE (train data)": 2.6090582832694054, "MSE (train data)": 15.484601020812988, "R2 (train data)": 0.9988118993574981, "Test Loss": 17.96175193786621, "MAE (test data)": 3.3153395652770996, "RMSE (test data)": 4.238130569458008, "MAPE (test data)": 2.786349505186081, "MSE (test data)": 17.96175193786621, "R2 (test data)": 0.998434735155312, "_timestamp": 1710062659.0146282, "_runtime": 9.513726234436035, "_step": 29, "Scatter Plot": {"_type": "image-file", "sha256": "5fb0693be5d0be1af69c46897256f014383bb242515ca901b16cabc32c155bc4", "size": 38764, "path": "media/images/Scatter Plot_28_5fb0693be5d0be1af69c.png", "format": "png", "width": 800, "height": 600}, "Distribution Plot": {"_type": "image-file", "sha256": "cfa2ccca8297f162be5b30f6d5e9eb9385600a2a59558b5cb1bbbf3f5e57c797", "size": 36046, "path": "media/images/Distribution Plot_29_cfa2ccca8297f162be5b.png", "format": "png", "width": 800, "height": 600}, "_wandb": {"runtime": 8}}