{"loss": 2.4360121840950826, "rmse": 1.2493089673147264, "r_squared": 0.9998675111218376, "mse": 2.436012029647827, "mae": 1.1157381534576416, "_timestamp": 1707834502.912864, "_runtime": 61.54837107658386, "_step": 34}