{"Train Loss": 25.645493270107433, "Train RMSE": 12.026633262634277, "MAE (train data)": 10.88368034362793, "RMSE (train data)": 12.026633262634277, "MAPE (train data)": 8.09994786977768, "MSE (train data)": 144.63990783691406, "R2 (train data)": 0.9932524839285691, "Test Loss": 146.60812377929688, "MAE (test data)": 10.954511642456055, "RMSE (test data)": 12.108183860778809, "MAPE (test data)": 8.566420525312424, "MSE (test data)": 146.60812377929688, "R2 (test data)": 0.9926965136372926, "_timestamp": 1710058621.473891, "_runtime": 10.473356008529663, "_step": 29, "Scatter Plot": {"_type": "image-file", "sha256": "9f44ad8f7d62d3520d2d1951b78dd9ad674f04fae05210f36fe8bab15ddc1dfc", "size": 38629, "path": "media/images/Scatter Plot_28_9f44ad8f7d62d3520d2d.png", "format": "png", "width": 800, "height": 600}, "Distribution Plot": {"_type": "image-file", "sha256": "92add3671abd4de4602f7a60a85ab9c20b2167501a785822795f9a0743fce9e2", "size": 32528, "path": "media/images/Distribution Plot_29_92add3671abd4de4602f.png", "format": "png", "width": 800, "height": 600}, "_wandb": {"runtime": 10}}