{"Communication Time": 0.7588868141174316, "_timestamp": 1707770739.598631, "_runtime": 31.612006902694702, "_step": 83, "RMSE (test data)": 180.5773468017578, "MAE (test data)": 153.8575439453125, "MAPE (test data)": 193.72180700302124, "MSE (test data)": 32608.1796875, "R2 (test data)": -1.6433184052230634, "loss(test data)": 32608.180771832554, "Scatter Plot": {"_type": "image-file", "sha256": "5102985f1a1274f9266542242cc4ca73d35c457b2520789205a73edeb3f77866", "size": 50612, "path": "media/images/Scatter Plot_82_5102985f1a1274f92665.png", "format": "png", "width": 800, "height": 600}, "Distribution Plot": {"_type": "image-file", "sha256": "792d96d6e25d9ede7567dc1949627b8d8a550b89bc4aa0986c2f14fab011db89", "size": 37236, "path": "media/images/Distribution Plot_83_792d96d6e25d9ede7567.png", "format": "png", "width": 800, "height": 600}}