{"Train Loss": 73.749098872217, "Train RMSE": 10.711846351623535, "MAE (train data)": 8.852168083190918, "RMSE (train data)": 10.711846351623535, "MAPE (train data)": 7.88312554359436, "MSE (train data)": 114.74364471435547, "R2 (train data)": 0.9957543245038941, "Test Loss": 111.47042846679688, "MAE (test data)": 8.806673049926758, "RMSE (test data)": 10.557955741882324, "MAPE (test data)": 8.137011528015137, "MSE (test data)": 111.47042083740234, "R2 (test data)": 0.9958837890283705, "_timestamp": 1710058796.5791879, "_runtime": 10.44459080696106, "_step": 29, "Scatter Plot": {"_type": "image-file", "sha256": "0e26025f562361ca140b008c4982490d0a6ce1768f3cec1991392dfea2f62620", "size": 39347, "path": "media/images/Scatter Plot_28_0e26025f562361ca140b.png", "format": "png", "width": 800, "height": 600}, "Distribution Plot": {"_type": "image-file", "sha256": "c0b07d57b7c86834090fea45060d6395d4e4ac51b7aa182193c17095961a7990", "size": 31481, "path": "media/images/Distribution Plot_29_c0b07d57b7c86834090f.png", "format": "png", "width": 800, "height": 600}, "_wandb": {"runtime": 9}}