{"loss": 0.372557022790258, "rmse": 0.7139315260014246, "r_squared": 0.9999680941208721, "mse": 0.3725570086883576, "mae": 0.4172593581819799, "_timestamp": 1710058150.0702069, "_runtime": 126.8073217868805, "_step": 99, "_wandb": {"runtime": 121}}