{"loss": 4.78620729453971, "rmse": 1.475359080794353, "r_squared": 0.9997738181083713, "mse": 4.7862070959048095, "mae": 1.2961029857574264, "_timestamp": 1710056015.6248078, "_runtime": 112.00298976898193, "_step": 99, "_wandb": {"runtime": 111}}