{"loss": 19.776797284289124, "rmse": 1.9739370011887825, "r_squared": 0.9989018694468483, "mse": 19.776797986974906, "mae": 2.7577782290899955, "_timestamp": 1709976468.790739, "_runtime": 49.064129114151, "_step": 23}