{"train_loss": 11213.63916015625, "_timestamp": 1710066212.645371, "_runtime": 94.14019584655762, "_step": 6, "Communication Time": 6.652262210845947, "RMSE (test data)": 64.11556243896484, "MAE (test data)": 49.61164093017578, "MAPE (test data)": 88.28130960464478, "MSE (test data)": 4110.8056640625, "R2 (test data)": 0.6706947668560423, "loss(test data)": 4110.805934470131, "_wandb": {"runtime": 94}}