{"Train Loss": 63.691921978462034, "Train RMSE": 5.932997226715088, "MAE (train data)": 4.137862205505371, "RMSE (train data)": 5.932997226715088, "MAPE (train data)": 3.1743310391902924, "MSE (train data)": 35.20045471191406, "R2 (train data)": 0.9973545369070502, "Test Loss": 55.842037200927734, "MAE (test data)": 4.746706485748291, "RMSE (test data)": 7.472753047943115, "MAPE (test data)": 3.9144031703472137, "MSE (test data)": 55.842037200927734, "R2 (test data)": 0.9959210171619285, "_timestamp": 1710060208.3675451, "_runtime": 8.995630025863647, "_step": 29, "Scatter Plot": {"_type": "image-file", "sha256": "20d4994bfa96b207f99c26c7e734d2abee8cc8b13751e2a7123c3f6bc3357f47", "size": 40098, "path": "media/images/Scatter Plot_28_20d4994bfa96b207f99c.png", "format": "png", "width": 800, "height": 600}, "Distribution Plot": {"_type": "image-file", "sha256": "d27b2a5f61a022169e8d8a213a9f4e1373941431ec3c18e592f1259a457b6889", "size": 31807, "path": "media/images/Distribution Plot_29_d27b2a5f61a022169e8d.png", "format": "png", "width": 800, "height": 600}, "_wandb": {"runtime": 7}}