{"Train Loss": 40.81543126920374, "Train RMSE": 6.737380504608154, "MAE (train data)": 5.6410908699035645, "RMSE (train data)": 6.737380027770996, "MAPE (train data)": 4.439257085323334, "MSE (train data)": 45.39229202270508, "R2 (train data)": 0.9965885769707334, "Test Loss": 52.97092819213867, "MAE (test data)": 6.0803914070129395, "RMSE (test data)": 7.278112411499023, "MAPE (test data)": 5.380541458725929, "MSE (test data)": 52.97092056274414, "R2 (test data)": 0.9961307378281423, "_timestamp": 1710062787.098984, "_runtime": 9.089793920516968, "_step": 29, "Scatter Plot": {"_type": "image-file", "sha256": "66570d727d457ccae52b0c45fab1b69e58b5d266f03b1e21cae2479f9054342d", "size": 36668, "path": "media/images/Scatter Plot_28_66570d727d457ccae52b.png", "format": "png", "width": 800, "height": 600}, "Distribution Plot": {"_type": "image-file", "sha256": "f98e4bc83f5bee6f974b8f1e2ecd7076338530251c19d5e833aefa310c2a0feb", "size": 34069, "path": "media/images/Distribution Plot_29_f98e4bc83f5bee6f974b.png", "format": "png", "width": 800, "height": 600}, "_wandb": {"runtime": 7}}