{"Train Loss": 13.678821488335402, "Train RMSE": 10.974437713623047, "MAE (train data)": 9.938129425048828, "RMSE (train data)": 10.974438667297363, "MAPE (train data)": 6.17603212594986, "MSE (train data)": 120.43830108642578, "R2 (train data)": 0.995626192273705, "Test Loss": 118.2331771850586, "MAE (test data)": 9.894222259521484, "RMSE (test data)": 10.87350845336914, "MAPE (test data)": 6.219861283898354, "MSE (test data)": 118.2331771850586, "R2 (test data)": 0.9953446863940064, "_timestamp": 1710062707.438003, "_runtime": 12.94255805015564, "_step": 29, "Scatter Plot": {"_type": "image-file", "sha256": "c756a35e181833b508199735c5c4d47c185e324001e622ff38b6f81a71154d88", "size": 35592, "path": "media/images/Scatter Plot_28_c756a35e181833b50819.png", "format": "png", "width": 800, "height": 600}, "Distribution Plot": {"_type": "image-file", "sha256": "3cdc8d66e5f2077089ef2a9dcfc91edb7c34278a932df69ad487f7316c724cfd", "size": 32064, "path": "media/images/Distribution Plot_29_3cdc8d66e5f2077089ef.png", "format": "png", "width": 800, "height": 600}, "_wandb": {"runtime": 11}}