{"Communication Time": 3.291375160217285, "_timestamp": 1707753544.8287911, "_runtime": 40.11688208580017, "_step": 31, "RMSE (test data)": 13.712913513183594, "MAE (test data)": 10.054174423217773, "MAPE (test data)": 102.88963317871094, "MSE (test data)": 188.04400634765625, "R2 (test data)": 0.9922184976546821, "loss(test data)": 188.04401836444512, "Scatter Plot": {"_type": "image-file", "sha256": "4ad050bc4f774819059b03ea2ea47bcbc5833e0d218dd4dbd5ea761e8c9a1229", "size": 41891, "path": "media/images/Scatter Plot_30_4ad050bc4f774819059b.png", "format": "png", "width": 800, "height": 600}, "Distribution Plot": {"_type": "image-file", "sha256": "729d937076ad05fa7389ad9b3b62c0ed088d7336ad90a64c5d65c0d28a2352b0", "size": 34450, "path": "media/images/Distribution Plot_31_729d937076ad05fa7389.png", "format": "png", "width": 800, "height": 600}}