{"Train Loss": 37.74076744914055, "Train RMSE": 7.771271705627441, "MAE (train data)": 7.098848819732666, "RMSE (train data)": 7.771271705627441, "MAPE (train data)": 5.801289901137352, "MSE (train data)": 60.392662048339844, "R2 (train data)": 0.9973279000661636, "Test Loss": 59.6540412902832, "MAE (test data)": 7.060958385467529, "RMSE (test data)": 7.723602771759033, "MAPE (test data)": 6.101297959685326, "MSE (test data)": 59.65403747558594, "R2 (test data)": 0.9974837579553951, "_timestamp": 1710062600.5160608, "_runtime": 10.290299892425537, "_step": 29, "Scatter Plot": {"_type": "image-file", "sha256": "6ed0d3fffd7d6c6ccf4e974ef29c568b20a7a7c59240e01c62e95f5d047ae5ce", "size": 37443, "path": "media/images/Scatter Plot_28_6ed0d3fffd7d6c6ccf4e.png", "format": "png", "width": 800, "height": 600}, "Distribution Plot": {"_type": "image-file", "sha256": "aa1fb97f09e85e02a08bc3387c3aa7e36b6922a955d90279d9350c27df59ebaf", "size": 34289, "path": "media/images/Distribution Plot_29_aa1fb97f09e85e02a08b.png", "format": "png", "width": 800, "height": 600}, "_wandb": {"runtime": 8}}