{"Train Loss": 22.63137016135655, "Train RMSE": 4.697569370269775, "MAE (train data)": 3.349259614944458, "RMSE (train data)": 4.697568893432617, "MAPE (train data)": 2.581416815519333, "MSE (train data)": 22.067153930664062, "R2 (train data)": 0.9981672260975536, "Test Loss": 22.006601333618164, "MAE (test data)": 3.3406898975372314, "RMSE (test data)": 4.69111967086792, "MAPE (test data)": 2.5900334119796753, "MSE (test data)": 22.006603240966797, "R2 (test data)": 0.9981319130779858, "_timestamp": 1710060320.075371, "_runtime": 9.729000091552734, "_step": 29, "Scatter Plot": {"_type": "image-file", "sha256": "9326027f7bebf58e986a490c4fd70ad8f29873554c52cdc80530c71fe1ac4189", "size": 38612, "path": "media/images/Scatter Plot_28_9326027f7bebf58e986a.png", "format": "png", "width": 800, "height": 600}, "Distribution Plot": {"_type": "image-file", "sha256": "d212f1d555c7de01a6b9fb198fd4b43f1da1e73779f3dbe30ab91853cd21a0d4", "size": 32280, "path": "media/images/Distribution Plot_29_d212f1d555c7de01a6b9.png", "format": "png", "width": 800, "height": 600}, "_wandb": {"runtime": 8}}