{"Train Loss": 3.6533204334122793, "Train RMSE": 1.6972140073776245, "MAE (train data)": 1.2537175416946411, "RMSE (train data)": 1.6972140073776245, "MAPE (train data)": 1.076283399015665, "MSE (train data)": 2.880535364151001, "R2 (train data)": 0.9997676498777183, "Test Loss": 3.0232765674591064, "MAE (test data)": 1.2675262689590454, "RMSE (test data)": 1.7387571334838867, "MAPE (test data)": 1.1827975511550903, "MSE (test data)": 3.0232765674591064, "R2 (test data)": 0.9997578137159491, "_timestamp": 1710062631.0305102, "_runtime": 10.141406297683716, "_step": 29, "Scatter Plot": {"_type": "image-file", "sha256": "edfc4d8435cd0325114830aaecc3d40a6d389f1855210023c7606e2170d0c683", "size": 37165, "path": "media/images/Scatter Plot_28_edfc4d8435cd03251148.png", "format": "png", "width": 800, "height": 600}, "Distribution Plot": {"_type": "image-file", "sha256": "77133aedd3e941066db2f6b4a89c25d79bcbbc7b0a0c7a59d3b955bd27ad1778", "size": 37025, "path": "media/images/Distribution Plot_29_77133aedd3e941066db2.png", "format": "png", "width": 800, "height": 600}, "_wandb": {"runtime": 8}}