{"Communication Time": 1.6124041080474854, "_timestamp": 1707748521.2828002, "_runtime": 37.56655311584473, "_step": 51, "RMSE (test data)": 1.8848559856414795, "MAE (test data)": 1.2848045825958252, "MAPE (test data)": 144.98096704483032, "MSE (test data)": 3.5526821613311768, "R2 (test data)": 0.9997790237303936, "loss(test data)": 3.5526821129427755, "Scatter Plot": {"_type": "image-file", "sha256": "6549547c77f21cf30a1258af68a7ab1380dac90ff700ffaab22be3504848dcf8", "size": 51655, "path": "media/images/Scatter Plot_50_6549547c77f21cf30a12.png", "format": "png", "width": 800, "height": 600}, "Distribution Plot": {"_type": "image-file", "sha256": "0d97b448e8ada316beda4361e639a66c5d5c537aada06a8751cd6c049e319516", "size": 30815, "path": "media/images/Distribution Plot_51_0d97b448e8ada316beda.png", "format": "png", "width": 800, "height": 600}}