{"Train Loss": 3.441313155404814, "Train RMSE": 1.1442008018493652, "MAE (train data)": 0.7541580200195312, "RMSE (train data)": 1.1442008018493652, "MAPE (train data)": 0.6476695649325848, "MSE (train data)": 1.3091953992843628, "R2 (train data)": 0.9998923134992533, "Test Loss": 1.3158338069915771, "MAE (test data)": 0.7695709466934204, "RMSE (test data)": 1.1470979452133179, "MAPE (test data)": 0.6750063970685005, "MSE (test data)": 1.3158336877822876, "R2 (test data)": 0.9998931761569161, "_timestamp": 1710062757.405026, "_runtime": 10.23038101196289, "_step": 29, "Scatter Plot": {"_type": "image-file", "sha256": "69273714dcb77de127fae6da0c6cec4b30ba85fd8cba18d60557857bcc059d17", "size": 37441, "path": "media/images/Scatter Plot_28_69273714dcb77de127fa.png", "format": "png", "width": 800, "height": 600}, "Distribution Plot": {"_type": "image-file", "sha256": "6fb5a203c5c5cf340bc23132c3572944055cb58697d5850d672159b64c368f2b", "size": 31509, "path": "media/images/Distribution Plot_29_6fb5a203c5c5cf340bc2.png", "format": "png", "width": 800, "height": 600}, "_wandb": {"runtime": 8}}