{"Train Loss": 11.450054048374295, "Train RMSE": 2.9781172275543213, "MAE (train data)": 2.2284605503082275, "RMSE (train data)": 2.9781172275543213, "MAPE (train data)": 2.3866795003414154, "MSE (train data)": 8.869181632995605, "R2 (train data)": 0.9996075791258558, "Test Loss": 9.55922794342041, "MAE (test data)": 2.3261587619781494, "RMSE (test data)": 3.0918002128601074, "MAPE (test data)": 2.6124631986021996, "MSE (test data)": 9.55922794342041, "R2 (test data)": 0.9995967862216524, "_timestamp": 1710060018.158425, "_runtime": 10.05594515800476, "_step": 29, "Scatter Plot": {"_type": "image-file", "sha256": "eb59134ce6ecd64bf3b9841288321a49c95e5a6c04c9d195ff5712d88acb7339", "size": 36857, "path": "media/images/Scatter Plot_28_eb59134ce6ecd64bf3b9.png", "format": "png", "width": 800, "height": 600}, "Distribution Plot": {"_type": "image-file", "sha256": "79f4acd67869d78919f66034e1c8c1801f598e79d2dee48c9c336ead7bd4b21a", "size": 34508, "path": "media/images/Distribution Plot_29_79f4acd67869d78919f6.png", "format": "png", "width": 800, "height": 600}, "_wandb": {"runtime": 8}}