{"Train Loss": 14.045625737683125, "Train RMSE": 2.199047803878784, "MAE (train data)": 1.7516276836395264, "RMSE (train data)": 2.199047803878784, "MAPE (train data)": 1.274412777274847, "MSE (train data)": 4.835811138153076, "R2 (train data)": 0.9996056733616571, "Test Loss": 5.5484299659729, "MAE (test data)": 1.8217048645019531, "RMSE (test data)": 2.3555104732513428, "MAPE (test data)": 1.3836595229804516, "MSE (test data)": 5.5484299659729, "R2 (test data)": 0.9995449353869741, "_timestamp": 1710058781.5694458, "_runtime": 11.984635829925537, "_step": 29, "Scatter Plot": {"_type": "image-file", "sha256": "84a97e7e9785e783c6be42ac9016a1b5ad6c07d715c3e11c19c08db7630ab61d", "size": 39353, "path": "media/images/Scatter Plot_28_84a97e7e9785e783c6be.png", "format": "png", "width": 800, "height": 600}, "Distribution Plot": {"_type": "image-file", "sha256": "1ada0a9497abad10c027dfe6dc97cc1e46382b6798afa45190198cb7add17317", "size": 31394, "path": "media/images/Distribution Plot_29_1ada0a9497abad10c027.png", "format": "png", "width": 800, "height": 600}, "_wandb": {"runtime": 10}}