{"Train Loss": 11.908687303232592, "Train RMSE": 3.423922538757324, "MAE (train data)": 2.6600453853607178, "RMSE (train data)": 3.423922538757324, "MAPE (train data)": 1.699889823794365, "MSE (train data)": 11.723245620727539, "R2 (train data)": 0.9990561590641561, "Test Loss": 11.280648231506348, "MAE (test data)": 2.621342658996582, "RMSE (test data)": 3.3586676120758057, "MAPE (test data)": 1.6773365437984467, "MSE (test data)": 11.280648231506348, "R2 (test data)": 0.9990774501424647, "_timestamp": 1710062644.780498, "_runtime": 9.615840911865234, "_step": 29, "Scatter Plot": {"_type": "image-file", "sha256": "376c11fa362afe1f8588b8602278e7791752753e6df6bbf2de2aa25b8a9abc90", "size": 37047, "path": "media/images/Scatter Plot_28_376c11fa362afe1f8588.png", "format": "png", "width": 800, "height": 600}, "Distribution Plot": {"_type": "image-file", "sha256": "f78084c32d787f42c24973c2cf711e5bb3860814c80f224cb0595fb58c6e134b", "size": 37297, "path": "media/images/Distribution Plot_29_f78084c32d787f42c249.png", "format": "png", "width": 800, "height": 600}, "_wandb": {"runtime": 8}}