{"Train Loss": 11.690419887051437, "Train RMSE": 3.105160713195801, "MAE (train data)": 2.3946218490600586, "RMSE (train data)": 3.10516095161438, "MAPE (train data)": 1.8529752269387245, "MSE (train data)": 9.642024040222168, "R2 (train data)": 0.9992021774355392, "Test Loss": 9.654647827148438, "MAE (test data)": 2.3905160427093506, "RMSE (test data)": 3.1071929931640625, "MAPE (test data)": 1.8402086570858955, "MSE (test data)": 9.654647827148438, "R2 (test data)": 0.999224616157244, "_timestamp": 1710062616.385419, "_runtime": 9.793660879135132, "_step": 29, "Scatter Plot": {"_type": "image-file", "sha256": "dcc9dcab245c134172dbf8e20e7e88bf358955678638ff58b33699da9670d1da", "size": 38148, "path": "media/images/Scatter Plot_28_dcc9dcab245c134172db.png", "format": "png", "width": 800, "height": 600}, "Distribution Plot": {"_type": "image-file", "sha256": "ec2d15bf79f1e6cb0830f2b4dee406f13691153494805eea2a812352e4c37556", "size": 34279, "path": "media/images/Distribution Plot_29_ec2d15bf79f1e6cb0830.png", "format": "png", "width": 800, "height": 600}, "_wandb": {"runtime": 8}}