{"Train Loss": 57.02135020411292, "Train RMSE": 4.863504409790039, "MAE (train data)": 4.072803497314453, "RMSE (train data)": 4.863504409790039, "MAPE (train data)": 3.117256611585617, "MSE (train data)": 23.653676986694336, "R2 (train data)": 0.9991291995543377, "Test Loss": 26.383495330810547, "MAE (test data)": 4.236688137054443, "RMSE (test data)": 5.136486530303955, "MAPE (test data)": 3.2238367944955826, "MSE (test data)": 26.383493423461914, "R2 (test data)": 0.9990708410952144, "_timestamp": 1710060143.526655, "_runtime": 10.723901987075806, "_step": 29, "Scatter Plot": {"_type": "image-file", "sha256": "8a003fc5b5f1746f30a08feaef7dfbec95844ad6e261bcd5d2a17ce0c6776438", "size": 38550, "path": "media/images/Scatter Plot_28_8a003fc5b5f1746f30a0.png", "format": "png", "width": 800, "height": 600}, "Distribution Plot": {"_type": "image-file", "sha256": "a628d3eec9378c2115ca0d27e3316ebf2688fb6815061d9076849238549d89f3", "size": 30468, "path": "media/images/Distribution Plot_29_a628d3eec9378c2115ca.png", "format": "png", "width": 800, "height": 600}, "_wandb": {"runtime": 9}}