{"loss": 22984.439762118, "rmse": 12.131923157637145, "r_squared": -0.6285198185868651, "mse": 22984.439297154455, "mae": 122.99014292986388, "_timestamp": 1709991891.346863, "_runtime": 4290.872375965118, "_step": 99, "_wandb": {"runtime": 4290}}