{"train_loss": 13961.49932603433, "_timestamp": 1710066212.64848, "_runtime": 94.16956901550293, "_step": 6, "Communication Time": 8.785796165466309, "RMSE (test data)": 62.55731964111328, "MAE (test data)": 48.98472213745117, "MAPE (test data)": 84.04275178909302, "MSE (test data)": 3913.41845703125, "R2 (test data)": 0.6724055848090892, "loss(test data)": 3913.418599991946, "_wandb": {"runtime": 95}}