{"Train Loss": 32.34120977841891, "Train RMSE": 5.576506614685059, "MAE (train data)": 4.404223442077637, "RMSE (train data)": 5.576506614685059, "MAPE (train data)": 3.2058797776699066, "MSE (train data)": 31.097423553466797, "R2 (train data)": 0.9974392147579194, "Test Loss": 36.91969680786133, "MAE (test data)": 4.899177551269531, "RMSE (test data)": 6.076158046722412, "MAPE (test data)": 3.353850543498993, "MSE (test data)": 36.91969680786133, "R2 (test data)": 0.9973333545342481, "_timestamp": 1710062844.949447, "_runtime": 9.756418943405151, "_step": 29, "Scatter Plot": {"_type": "image-file", "sha256": "4baebff1aafb7c3572afec6f913d1d3c352e02cc86a2aefb32d4c8da6512495b", "size": 37574, "path": "media/images/Scatter Plot_28_4baebff1aafb7c3572af.png", "format": "png", "width": 800, "height": 600}, "Distribution Plot": {"_type": "image-file", "sha256": "504391157b299c3a8fd10a78645a263b1b45a530e6aab5b3cb29fdb68d9c2887", "size": 34847, "path": "media/images/Distribution Plot_29_504391157b299c3a8fd1.png", "format": "png", "width": 800, "height": 600}, "_wandb": {"runtime": 8}}