{"Communication Time": 1.093139886856079, "_timestamp": 1709976468.774705, "_runtime": 44.11783194541931, "_step": 47, "RMSE (test data)": 3.025846481323242, "MAE (test data)": 2.2270350456237793, "MAPE (test data)": 151.51774883270264, "MSE (test data)": 9.155747413635254, "R2 (test data)": 0.9996138052737434, "loss(test data)": 9.155747043344128}