{"loss": 4.956801659428691, "rmse": 1.4918600611167265, "r_squared": 0.9997704224951166, "mse": 4.956801398614074, "mae": 1.393604392670848, "_timestamp": 1710010931.247589, "_runtime": 122.23315715789795, "_step": 99, "_wandb": {"runtime": 121}}