{"Train Loss": 10.509620265311787, "Train RMSE": 2.67165207862854, "MAE (train data)": 2.245980978012085, "RMSE (train data)": 2.67165207862854, "MAPE (train data)": 1.6136407852172852, "MSE (train data)": 7.137725353240967, "R2 (train data)": 0.999417968339861, "Test Loss": 7.531577110290527, "MAE (test data)": 2.2689592838287354, "RMSE (test data)": 2.7443718910217285, "MAPE (test data)": 1.6466891393065453, "MSE (test data)": 7.531577110290527, "R2 (test data)": 0.9993822839923908, "_timestamp": 1710062772.971116, "_runtime": 11.282838106155396, "_step": 29, "Scatter Plot": {"_type": "image-file", "sha256": "e11ba78173fd16dc7bdb5d26bcb82049f29faae9286aaff0d175ac28afcb8760", "size": 39910, "path": "media/images/Scatter Plot_28_e11ba78173fd16dc7bdb.png", "format": "png", "width": 800, "height": 600}, "Distribution Plot": {"_type": "image-file", "sha256": "b07be51196dd6b58e863d4320d1517c41b0c4aed2c707cd7fcebd4e206473c15", "size": 31702, "path": "media/images/Distribution Plot_29_b07be51196dd6b58e863.png", "format": "png", "width": 800, "height": 600}, "_wandb": {"runtime": 9}}