{"Train Loss": 50.32140621125799, "Train RMSE": 3.0213441848754883, "MAE (train data)": 2.252253770828247, "RMSE (train data)": 3.0213441848754883, "MAPE (train data)": 1.723458431661129, "MSE (train data)": 9.128520965576172, "R2 (train data)": 0.9996684908670554, "Test Loss": 9.117827415466309, "MAE (test data)": 2.2566885948181152, "RMSE (test data)": 3.0195741653442383, "MAPE (test data)": 1.7436549067497253, "MSE (test data)": 9.117828369140625, "R2 (test data)": 0.9996409946145477, "_timestamp": 1710058745.7703521, "_runtime": 12.783895015716553, "_step": 29, "Scatter Plot": {"_type": "image-file", "sha256": "464c4604a8047fc0dfa6fa78460d0eab14dbb6f4d3337485fc00e343073c3410", "size": 38677, "path": "media/images/Scatter Plot_28_464c4604a8047fc0dfa6.png", "format": "png", "width": 800, "height": 600}, "Distribution Plot": {"_type": "image-file", "sha256": "4c6874f0e9917ff524fe76486950901f67dede9cda22d8232e482794ef3d1c3a", "size": 32309, "path": "media/images/Distribution Plot_29_4c6874f0e9917ff524fe.png", "format": "png", "width": 800, "height": 600}, "_wandb": {"runtime": 11}}