{"Communication Time": 0.9653990268707275, "_timestamp": 1710058286.452854, "_runtime": 104.26502895355225, "_step": 199, "RMSE (test data)": 1.3052929639816284, "MAE (test data)": 0.8930243849754333, "MAPE (test data)": 98.69269728660583, "MSE (test data)": 1.7037895917892456, "R2 (test data)": 0.9998616799774019, "loss(test data)": 1.7037896091966744, "_wandb": {"runtime": 104}}