{"Train Loss": 3.6065850430413295, "Train RMSE": 1.5504895448684692, "MAE (train data)": 1.0939877033233643, "RMSE (train data)": 1.5504895448684692, "MAPE (train data)": 0.9028634987771511, "MSE (train data)": 2.404017686843872, "R2 (train data)": 0.9998071824555322, "Test Loss": 2.368534803390503, "MAE (test data)": 1.1084120273590088, "RMSE (test data)": 1.5390045642852783, "MAPE (test data)": 0.980900414288044, "MSE (test data)": 2.368535041809082, "R2 (test data)": 0.9998077134514989, "_timestamp": 1710062817.136926, "_runtime": 10.548326015472412, "_step": 29, "Scatter Plot": {"_type": "image-file", "sha256": "af84da235be53f46b3d0625fdc472ae12ab956d835a388e8bb4c316e113c7aaa", "size": 36856, "path": "media/images/Scatter Plot_28_af84da235be53f46b3d0.png", "format": "png", "width": 800, "height": 600}, "Distribution Plot": {"_type": "image-file", "sha256": "9b7cb560d42c3b173bbdadb77b6a78462607ecbcd178948c0817758a2cb70db8", "size": 34280, "path": "media/images/Distribution Plot_29_9b7cb560d42c3b173bbd.png", "format": "png", "width": 800, "height": 600}, "_wandb": {"runtime": 9}}