{"train_loss": 13102.165061549136, "_timestamp": 1710066214.47173, "_runtime": 95.94386410713196, "_step": 8, "Communication Time": 6.836327075958252, "RMSE (test data)": 62.79096984863281, "MAE (test data)": 49.295166015625, "MAPE (test data)": 88.6397659778595, "MSE (test data)": 3942.7060546875, "R2 (test data)": 0.6799163675243982, "loss(test data)": 3942.70586631683, "Scatter Plot": {"_type": "image-file", "sha256": "b7bd99cc2a8eb1a8cf2516703226de81b31df2d9890269d520ad259d57dcbfe1", "size": 68856, "path": "media/images/Scatter Plot_7_b7bd99cc2a8eb1a8cf25.png", "format": "png", "width": 800, "height": 600}, "Distribution Plot": {"_type": "image-file", "sha256": "d905ce8d3d758f424cc4d0390ad53be2a09cbd4f0228e0592b383f215e1b0148", "size": 38835, "path": "media/images/Distribution Plot_8_d905ce8d3d758f424cc4.png", "format": "png", "width": 800, "height": 600}}