{"Communication Time": 0.9723680019378662, "_timestamp": 1710058150.059212, "_runtime": 121.41775393486023, "_step": 199, "RMSE (test data)": 0.3096773624420166, "MAE (test data)": 0.2460390031337738, "MAPE (test data)": 96.75324559211731, "MSE (test data)": 0.09590007364749908, "R2 (test data)": 0.9999921571348065, "loss(test data)": 0.09590007277468064, "_wandb": {"runtime": 121}}