{"Communication Time": 1.5155746936798096, "_timestamp": 1709985594.013417, "_runtime": 86.83743596076965, "_step": 91, "RMSE (test data)": 1.1421904563903809, "MAE (test data)": 0.7768105864524841, "MAPE (test data)": 157.86222219467163, "MSE (test data)": 1.3045991659164429, "R2 (test data)": 0.9999350095840711, "loss(test data)": 1.3045992434732903}