{"loss": 8279.67401424329, "rmse": 9.342249550254326, "r_squared": 0.46684157849675445, "mse": 8279.674109794325, "mae": 73.55137255056493, "_timestamp": 1709986070.837612, "_runtime": 68.89776301383972, "_step": 10}