{"train_loss": 13760.920765817902, "_timestamp": 1710066214.665447, "_runtime": 96.0394721031189, "_step": 8, "Communication Time": 9.621553182601929, "RMSE (test data)": 63.045162200927734, "MAE (test data)": 49.9565544128418, "MAPE (test data)": 88.32061886787415, "MSE (test data)": 3974.692626953125, "R2 (test data)": 0.6536280766496217, "loss(test data)": 3974.6923319590423, "Scatter Plot": {"_type": "image-file", "sha256": "17bf5e5d0ff85938b1d783b71b4fbbd0de6eddcde89c05b2c9141db71f8632b7", "size": 56725, "path": "media/images/Scatter Plot_7_17bf5e5d0ff85938b1d7.png", "format": "png", "width": 800, "height": 600}, "Distribution Plot": {"_type": "image-file", "sha256": "df57f5a9dd406c2f1b37b924b4c6f48a4a62ce5de865213dc5757e5ff4b3d177", "size": 36792, "path": "media/images/Distribution Plot_8_df57f5a9dd406c2f1b37.png", "format": "png", "width": 800, "height": 600}}