{"train_loss": 3838.1364320816533, "_timestamp": 1710066214.533611, "_runtime": 96.11274003982544, "_step": 8, "Communication Time": 13.886202812194824, "RMSE (test data)": 64.11287689208984, "MAE (test data)": 50.736915588378906, "MAPE (test data)": 85.97713112831116, "MSE (test data)": 4110.46142578125, "R2 (test data)": 0.6685441401322871, "loss(test data)": 4110.460931355569, "Scatter Plot": {"_type": "image-file", "sha256": "17bf5e5d0ff85938b1d783b71b4fbbd0de6eddcde89c05b2c9141db71f8632b7", "size": 56725, "path": "media/images/Scatter Plot_7_17bf5e5d0ff85938b1d7.png", "format": "png", "width": 800, "height": 600}, "Distribution Plot": {"_type": "image-file", "sha256": "f5b7d82e755dba350986e65247393cefd4b89c5621ec1fc4c7a1496d8eec8237", "size": 38991, "path": "media/images/Distribution Plot_8_f5b7d82e755dba350986.png", "format": "png", "width": 800, "height": 600}}