{"Train Loss": 25.376759347614943, "Train RMSE": 2.9855995178222656, "MAE (train data)": 2.2212014198303223, "RMSE (train data)": 2.9855997562408447, "MAPE (train data)": 2.201777696609497, "MSE (train data)": 8.913805961608887, "R2 (train data)": 0.9994639225784192, "Test Loss": 10.322545051574707, "MAE (test data)": 2.322896718978882, "RMSE (test data)": 3.212871551513672, "MAPE (test data)": 2.384706400334835, "MSE (test data)": 10.32254409790039, "R2 (test data)": 0.9993247392450212, "_timestamp": 1710060002.2934668, "_runtime": 10.553538799285889, "_step": 29, "Scatter Plot": {"_type": "image-file", "sha256": "03a388e2040b9ad1bd48e9a6535db7464d83e7112f40d3d63e80dc22580a9810", "size": 36963, "path": "media/images/Scatter Plot_28_03a388e2040b9ad1bd48.png", "format": "png", "width": 800, "height": 600}, "Distribution Plot": {"_type": "image-file", "sha256": "a977370e138c3959165a16ed4f69947f4603f416c4b37dec5684d433f6b0edc1", "size": 30759, "path": "media/images/Distribution Plot_29_a977370e138c3959165a.png", "format": "png", "width": 800, "height": 600}, "_wandb": {"runtime": 9}}